id,orders
335799,404
427247,162
30177,256
31474,932
153713,917
318535,190
8300,244
387331,14
263615,69
372367,1850
128650,1095
210177,134
417304,41
359836,150
27567,14
299332,904
363847,13
23804,53
256875,26
180407,285
33981,134
82579,14
106509,13
319321,163
3242,67
32810,433
287503,42
71035,69
263194,1187
246056,95
443968,1835
310545,95
136390,204
74918,257
92021,270
13940,80
210159,108
157153,176
235490,27
243014,95
371267,701
172794,13
18942,136
185487,149
414139,593
166835,850
129725,14
237219,312
440861,433
124233,257
174020,161
99201,96
6183,28
391274,567
268495,324
455399,13
230010,69
55989,55
261473,95
153414,405
321148,204
203773,107
306963,271
35866,1203
162324,203
187062,512
28685,350
25174,203
274012,26
256789,13
330760,123
427930,41
365406,55
45590,405
162254,53
25708,27
45563,485
78820,204
166329,769
13603,1216
253238,135
402080,216
344519,15
315822,150
66944,94
409408,123
274716,82
47892,94
364381,312
99799,203
315343,82
53157,41
203073,15
211864,81
433516,136
199324,15
76540,161
253774,231
127432,244
185807,41
60633,189
254955,296
445345,81
374164,82
183172,539
262703,445
378761,566
106694,1161
91788,28
447977,27
134722,460
313006,80
220270,242
289419,1580
127123,190
356529,163
324298,257
155105,107
88516,13
437912,1500
281386,81
234631,13
45198,135
18108,54
347322,81
111919,161
212665,121
255653,55
292395,458
118052,28
53131,41
13433,216
236937,14
104066,123
70141,81
452591,676
334069,1473
157022,378
105805,26
71705,256
427572,420
376883,647
80570,122
105172,15
218678,150
59676,107
452803,513
407397,42
415104,190
373758,337
152717,150
84078,177
207398,176
238439,14
69021,135
16848,917
12177,325
240119,14
174373,136
6372,42
26801,41
355585,15
251315,15
45676,42
62808,635
385861,541
137196,108
181917,445
133175,149
357388,123
306706,54
119490,203
128163,14
73159,69
134549,797
295199,135
381371,40
261615,161
295865,41
35372,716
46041,501
105782,26
121682,215
11457,783
162730,41
71395,229
396577,135
145540,55
371634,379
433010,514
285957,95
446122,161
50563,150
322665,15
104615,175
93375,122
141371,512
68625,177
154534,54
109182,701
28473,26
308770,94
353239,27
372310,1066
440773,230
71330,285
125298,379
270958,702
255970,67
360344,69
58291,243
428193,161
8286,122
51855,257
198599,257
410089,188
58371,14
181332,487
283584,121
435753,28
414448,378
413682,27
33035,364
18958,175
420139,122
48040,109
434559,514
67603,13
270754,459
320326,188
37198,419
57972,28
432516,28
256939,28
401559,15
1117,285
376734,932
336496,284
429890,94
169305,258
221802,42
195400,447
246543,446
224227,392
78433,1770
167701,486
305617,324
366191,190
425366,472
4719,28
400004,42
98056,366
165568,14
384441,243
8605,406
374440,608
244858,42
429038,204
126645,204
323804,27
102632,135
135104,82
50988,202
445890,351
107733,782
444074,729
85471,40
399149,41
68772,298
170251,28
203596,53
399449,567
47583,82
292730,460
267327,175
159152,82
292220,418
240283,53
118649,53
44081,162
150686,81
333322,13
217819,122
380348,339
108855,26
419530,14
267219,15
249209,391
8020,202
446195,161
299462,109
164236,121
363756,54
252772,67
17387,1404
117927,68
153520,296
336069,257
350830,55
434700,649
315065,352
116229,13
118862,95
441871,55
114448,163
224020,26
298019,53
263028,823
219888,231
359047,404
437936,42
37292,514
172924,162
62016,392
347000,824
428544,14
410212,109
143768,366
410790,3970
340330,312
9767,188
192961,204
67610,42
424908,26
98671,339
58943,122
275824,202
26429,472
125253,406
38023,270
418129,67
331718,54
141169,42
194600,231
231496,312
372428,472
427524,405
29173,82
363413,215
185414,121
89997,80
297608,14
434759,1756
21811,67
335106,744
89436,404
303455,55
361463,53
445254,175
39323,14
345323,13
445825,2309
435375,177
245486,15
125652,135
194382,6576
149041,757
315671,28
332195,13
234517,27
285305,55
172217,13
319073,123
59325,81
363331,256
141639,55
162166,339
90210,123
88654,14
24048,15
81475,136
80062,742
343228,135
38598,108
115603,13
26810,392
284858,94
390033,998
422173,215
269715,258
378290,350
435061,134
397755,418
16186,94
10441,69
108071,53
139844,15
369638,28
343420,566
67450,55
203010,28
22641,27
302150,364
320220,297
80749,257
146171,108
342971,80
400881,244
326072,68
323900,80
364129,13
279264,14
120904,377
226951,109
223805,82
452274,135
114935,109
134752,377
43820,1795
20988,53
435952,42
443023,96
235907,312
403571,55
357293,27
390609,188
242116,26
275168,95
19862,285
112527,107
230659,460
264805,514
110247,121
345999,230
343230,136
22887,377
129988,41
274850,15
146750,446
5538,271
452460,148
259040,242
434856,797
411820,42
423477,55
323694,41
300280,431
38345,595
248930,94
294430,162
37414,312
145531,55
217410,242
308928,203
163395,41
167800,229
307621,14
379542,108
395828,242
99757,94
219142,393
442374,41
51338,108
277610,258
317763,108
378889,473
85724,54
250014,28
220979,41
440561,215
253246,69
338286,122
53877,108
417785,53
257579,404
379429,55
53546,41
92004,162
382788,26
300702,163
58333,14
117424,189
97661,41
288547,958
263518,94
145354,55
83682,242
387549,27
197001,243
292575,593
394120,350
232749,149
80762,28
164940,68
151060,14
55440,391
87049,28
199226,14
447420,217
296738,217
259198,580
400829,26
180127,82
31452,1619
250515,40
273929,27
181788,608
17492,607
256444,67
378128,393
183779,216
269644,67
138752,80
79934,609
397122,27
385662,69
158212,94
238445,28
22844,404
10086,621
329802,69
389970,1351
41623,26
105932,13
101498,323
195660,163
56982,298
66557,582
144936,215
164136,67
23394,622
402892,149
301616,663
35032,203
204670,28
164167,148
341368,269
214607,67
268812,150
41767,13
259402,216
373742,68
439597,80
44377,4848
19914,351
215381,258
188239,95
262565,215
97432,568
8037,123
290897,134
83312,41
67449,54
35852,635
258684,150
76928,337
330124,15
158943,555
312351,1918
320411,107
152471,134
225396,215
55356,107
414437,242
31781,204
79546,258
335034,877
344231,54
408583,203
343417,53
63095,445
291990,81
355459,53
106922,688
231470,324
381275,28
276979,136
240436,68
435949,67
372799,175
149542,96
195133,53
349631,14
100275,28
272004,312
90913,27
398146,96
355118,177
193905,285
83639,420
338157,258
242215,53
68513,135
274953,82
260155,472
376650,1122
246397,40
103499,204
427227,55
372203,933
371240,971
378522,1538
375761,512
363844,28
89204,285
314412,136
352888,298
268896,1066
351385,231
142240,231
390804,1147
288642,285
543,13
231457,405
409326,311
117703,15
437458,41
379764,433
173915,13
325059,53
298685,109
47150,419
361141,284
367580,431
10200,432
107917,81
385796,40
28200,13
93123,189
255568,82
113532,1432
438278,297
342304,647
141043,82
391753,526
433742,215
90787,41
420089,946
151292,96
315720,717
102052,26
131989,95
136921,53
125255,296
68107,297
273012,42
236335,204
276002,26
291239,41
49160,810
414503,420
216088,13
353056,352
138812,134
3620,42
127486,378
230262,81
357600,107
124871,285
201657,554
170253,40
378331,473
404152,123
255296,13
17531,931
450925,258
378412,663
249192,1241
423002,14
289523,244
120240,28
143533,107
71810,203
167609,1404
279170,26
14324,81
424919,42
104495,67
301229,42
132371,136
170673,122
43695,1094
250917,53
124052,55
431164,175
117944,14
351513,175
254728,28
153998,121
358689,80
228823,202
57624,229
147754,161
25087,528
254421,217
91256,231
395536,190
170217,14
124627,69
345859,14
8367,391
452775,230
12580,715
89490,420
41444,26
187573,2310
332251,27
30790,40
436566,42
302583,149
242757,285
447163,108
453150,28
391702,838
328128,15
64570,95
144833,13
297874,14
76533,96
427203,28
306189,662
329621,487
111698,68
65926,69
275395,323
343623,80
81210,176
361383,55
39465,203
131621,27
126446,14
16296,53
266551,82
442887,53
143725,69
147706,134
415902,2161
61867,202
232434,269
147386,513
93983,68
217940,27
379878,231
354293,162
211597,431
94168,15
359558,96
449922,96
171864,161
188971,148
443639,161
291106,123
197458,122
76260,163
130182,26
380952,41
96549,404
413160,661
150110,96
154280,148
368542,14
103717,14
178089,472
68166,231
134308,351
30978,271
46209,136
69422,109
449459,67
88785,67
383246,447
90403,230
64572,607
167705,337
99389,269
266383,189
108346,851
371643,82
220136,231
287576,40
179968,28
340729,337
342489,107
352354,41
337135,216
225756,405
117159,13
272356,108
166638,269
274852,27
250168,27
98472,108
363347,175
4696,13
268321,41
399720,728
30384,783
359107,323
81209,135
121349,107
416221,81
227444,81
92884,15
380163,15
286435,420
417163,149
444850,433
44150,148
337926,40
100627,123
310602,40
421343,15
279946,271
218124,364
223569,311
278512,13
57024,136
265881,350
105990,41
187247,297
192619,27
263261,217
212074,67
347716,541
177962,1067
167648,771
342233,474
218090,243
212469,284
297807,42
54386,82
419449,67
264894,1984
146449,609
145460,41
193257,122
145664,420
240265,14
74912,27
182522,216
83721,94
412169,41
102310,310
305804,81
133365,15
215507,68
10243,324
443676,28
361659,4955
384212,404
22058,96
35072,80
210650,54
427612,755
432973,190
215660,96
55250,41
236074,229
60870,15
449410,81
97448,756
28933,420
318669,310
451267,68
60335,81
399979,95
111307,433
107398,189
408626,27
174050,418
35947,486
275106,622
131430,26
377706,14
157401,13
215650,41
319614,42
111042,244
13516,13
296205,94
452109,53
215170,55
371520,202
356584,42
4387,121
402050,81
374883,216
281566,231
196557,419
287244,28
307110,1040
99864,257
266164,67
236587,41
306137,150
90788,80
247731,256
373955,501
13641,500
299225,364
403801,150
444731,82
90481,149
113407,1957
338012,460
199399,136
289871,14
206778,514
434565,311
286679,338
78864,324
42856,742
100067,108
65300,82
147125,5671
76117,53
66712,460
379186,311
420553,593
416249,204
297739,217
240411,14
7009,26
411931,68
26710,284
241067,393
264760,702
90470,81
214304,15
246191,42
433302,527
281736,121
175091,40
137149,447
367612,96
139351,41
358741,148
104039,95
14134,121
227919,81
354070,42
31225,636
433887,973
219781,459
368964,68
309333,135
283966,175
456321,148
411990,13
245120,229
399462,567
405413,501
68401,163
446744,528
108744,271
120509,14
233179,311
48829,109
205421,216
250672,42
160800,378
291377,67
105959,41
381246,41
353743,26
269788,864
206620,123
284179,1216
281857,42
399129,55
295746,244
429545,14
171092,53
170486,283
438914,94
428742,121
1199,204
320063,122
379873,217
23721,95
173381,109
22861,269
219676,284
392306,283
235209,40
328115,13
244432,123
89406,486
224178,229
231393,269
412970,595
388815,13
213370,270
430045,27
271111,269
73221,297
355390,230
87588,28
298005,14
394089,324
311387,28
372711,55
275550,53
217956,53
16131,27
339983,121
77747,784
417364,42
176751,67
188158,135
195607,40
289974,41
122487,676
258588,136
145407,122
340829,351
364913,242
199519,269
179365,68
155118,95
138793,134
161269,150
54194,69
269543,283
421690,148
373235,163
51913,82
63246,42
174916,69
13542,15
429334,109
339533,55
133327,27
129581,27
124320,324
226452,162
343265,41
152803,123
420795,296
241024,420
97392,338
261740,95
326625,148
177712,81
160105,54
383296,365
3412,81
277304,635
161987,80
437192,42
30263,513
103346,54
381751,82
423813,26
202905,296
399796,53
209363,54
195749,26
350278,148
316176,95
182583,107
257529,323
33107,474
381215,54
280519,80
445699,675
221029,27
387196,27
148484,54
442034,109
66621,798
157821,40
126516,41
383273,459
55533,284
85643,27
436086,14
421285,69
454250,202
164592,393
301641,594
19769,121
390297,41
94490,40
52869,162
79879,339
351508,243
358243,42
42515,189
441323,215
290977,95
453356,215
286332,310
419936,609
203041,41
409664,337
347510,217
192597,13
238699,244
217962,96
399238,42
264788,661
145892,13
59991,80
269123,527
294681,122
74287,109
393730,82
276627,270
93239,26
309851,567
136083,123
123953,42
130701,135
278897,202
380528,514
309659,743
268464,458
217099,40
106238,121
393665,162
14167,149
269652,256
397842,339
420225,80
223705,15
367706,175
298436,27
46074,553
97106,1216
107538,512
90078,27
132388,136
348087,13
289000,190
249806,81
319796,15
181662,203
193017,109
132812,190
147439,851
260114,1943
399103,27
225846,351
130950,231
173718,15
90933,68
295637,148
244311,15
328479,40
101047,229
454125,108
80597,69
406004,121
127536,554
399922,134
154091,122
263601,108
286752,42
177363,458
58620,67
328765,41
373429,460
404573,1067
366434,215
178237,742
402197,364
214253,122
135680,944
427502,189
332060,15
375302,121
310277,149
162417,67
133567,215
279088,28
325593,177
415513,26
400426,53
404892,311
430427,54
88229,162
221436,13
326209,28
260699,67
164133,28
89717,13
10278,82
59108,14
271009,2255
422606,499
199140,163
364470,351
386494,81
5598,364
377068,134
140807,150
205686,243
34103,323
182328,310
46739,80
258480,365
388724,54
10898,378
348129,13
333768,432
139592,53
85466,13
269988,701
375503,13
111915,215
307070,1066
299266,568
332147,67
238867,405
5631,40
453848,15
400281,148
5083,216
194777,15
417794,27
447019,96
102869,162
154113,148
379625,55
78815,123
38995,337
443059,13
86554,42
254778,67
47416,134
233265,148
154212,28
186523,28
406154,715
283243,663
111385,107
64458,541
146143,81
153363,41
147559,40
162092,539
50002,109
132611,82
68203,176
108650,595
410693,256
122957,148
119478,676
389015,41
128917,148
157235,13
270738,2552
372498,459
374065,338
195270,177
129492,80
103804,432
236962,41
378606,391
85378,310
73245,202
428848,121
378291,541
153334,80
154572,553
445640,769
12314,1189
321436,27
105216,68
151162,53
29118,123
455280,256
196348,431
140379,14
343603,176
202971,501
279970,366
312795,54
114371,674
320010,54
398119,95
102540,134
439745,1175
316919,175
145769,42
255193,135
147531,28
336131,107
142163,175
395582,202
138847,163
108258,122
19792,80
363037,122
287054,298
183354,284
336875,13
253278,203
85639,14
269829,851
148264,1066
355576,13
6944,230
66209,162
115036,190
438562,27
183961,324
39821,68
393078,1338
402796,203
16752,82
201015,161
110483,107
281438,243
131245,27
24515,350
156646,230
130941,242
44795,1161
116946,82
419992,918
304076,54
114841,296
164393,42
378089,284
382248,161
216348,14
140199,82
352267,40
45096,94
411978,15
130879,123
310694,27
176138,217
233511,26
264268,189
302637,324
195215,81
360165,135
231024,121
86169,607
53720,15
339875,109
235080,68
138060,432
141338,445
49979,148
382374,123
404746,283
115144,377
304686,109
101619,54
15943,55
50066,42
422131,107
17413,985
263958,271
383414,933
319578,13
36893,54
287669,298
337427,53
246348,108
208266,188
279200,82
251925,285
342144,81
189007,107
92395,15
286197,53
251438,54
157080,134
17315,608
435072,190
325231,109
350464,40
74773,27
380603,364
198946,14
61484,107
413310,580
52288,323
13278,717
30588,1405
132818,53
424107,27
305369,2093
94447,26
428183,663
219408,28
421626,284
116067,391
140842,216
234036,40
181375,257
342384,150
249908,136
340463,26
287027,865
334426,15
298784,310
368913,40
68414,284
62803,636
62161,271
98540,80
168144,53
307780,80
392122,148
201127,447
388205,26
191880,203
186106,53
165013,14
108915,123
143855,177
356527,123
410280,68
363885,150
416411,134
132518,609
58367,14
314141,2282
152438,28
321825,3214
417349,55
173585,95
27250,95
79088,96
29208,123
151484,339
106991,689
226098,176
374389,55
145516,69
236631,163
28747,771
308275,419
127323,216
21440,82
317733,175
452755,215
271082,68
323553,15
26294,13
166879,756
359612,55
355097,609
237082,94
222658,107
142007,108
330488,69
124205,189
70417,95
360706,810
172183,15
120550,190
452862,379
222745,122
70576,15
139114,82
224164,270
147017,95
303025,26
106871,338
309727,446
25956,162
471,215
163044,81
292904,257
255782,15
276933,26
66266,393
53401,14
323170,53
39535,339
448542,188
291153,55
112534,258
383264,474
444284,433
317778,231
11155,54
29314,2309
124845,445
244176,297
384657,14
173671,42
416987,135
402747,95
34099,378
353778,28
29888,40
89148,593
40406,257
14293,918
238094,109
72138,14
131413,53
73706,67
320659,82
427862,95
434858,647
346971,296
161016,26
383833,27
309957,108
28641,95
215110,188
200811,14
178096,392
280063,42
385820,80
282335,325
341837,607
348328,405
68397,258
364285,41
364850,40
165710,121
328555,15
396961,703
7855,121
443575,188
177550,123
420392,271
244795,81
10057,649
314997,337
290648,81
263390,15
236813,27
56193,96
245749,28
147901,149
203743,40
435806,148
236392,80
208183,68
218203,148
378952,595
370319,1565
254319,215
323989,149
423912,68
309679,404
388338,42
263871,176
195084,82
439318,67
26744,270
156090,68
251098,13
6208,123
13970,134
68390,107
287275,55
304661,27
241987,95
253410,339
272703,54
451275,53
65214,217
27448,242
37261,339
441528,53
1514,445
37066,54
3559,94
303735,28
415487,14
17122,41
18480,500
89587,528
440284,67
4358,13
410698,94
134832,338
93774,27
410416,26
281779,95
94767,582
222282,28
157355,13
47832,94
443678,13
106276,188
369513,176
35445,904
425727,932
381462,55
111622,54
128577,283
258583,108
108960,27
140924,134
202830,958
204565,15
186897,15
403542,42
316675,177
327201,485
997,433
415275,433
77394,95
169094,80
330210,27
47920,41
229546,40
378181,270
105647,55
256117,13
106686,1606
339225,312
444714,95
37396,312
328694,67
137361,1284
275252,271
100280,26
156742,14
95188,108
414743,447
423522,123
426148,95
244143,80
414546,175
100332,54
196627,190
60841,28
110308,189
129199,42
27397,150
413890,55
1048,256
234771,242
35989,567
296264,67
227149,95
330334,231
4581,41
344474,216
56574,431
327893,28
145539,15
47598,69
420544,783
86512,177
125755,82
168600,107
385493,634
105806,42
251151,15
451370,122
348108,95
418975,1565
131908,80
60753,41
241804,122
435017,14
148402,109
12876,27
219877,27
120251,68
157692,13
377099,270
410618,149
249817,514
134268,229
182498,82
117798,53
424451,53
383859,41
259263,431
117099,40
144882,122
163276,53
390439,433
414813,204
213156,459
81794,42
137122,1025
446773,1161
267051,271
28982,121
74978,15
276509,514
97065,905
82806,231
428852,81
194145,365
292548,500
306895,215
176627,177
180962,26
5248,1176
102659,68
275407,68
287762,284
101006,890
65151,501
308698,743
145814,109
235383,107
210143,82
60268,41
412705,28
231866,41
146256,69
213019,4429
99347,242
102923,81
64298,96
99769,121
187236,580
131568,15
294443,202
29639,716
207877,405
49930,458
106058,203
99529,339
200739,82
242523,284
452630,756
168006,216
329375,14
108025,55
140478,53
314929,798
6880,108
230224,148
12609,662
193834,459
294976,14
239205,42
305726,594
425829,636
431602,338
344113,285
349696,28
42745,2593
472,216
234612,14
436304,40
328641,82
185383,742
401275,352
87224,53
117845,122
172346,41
43899,715
55469,541
166383,297
309931,69
121938,393
278667,81
380782,297
43561,647
229263,404
91796,26
411767,26
431964,54
98618,405
366317,256
18673,460
382469,163
107328,95
230807,582
277622,392
177702,204
445961,742
439069,176
162467,28
435251,675
270487,269
400594,53
305214,13
25967,311
164104,15
195980,69
204712,28
335223,190
435389,580
437405,150
315002,270
358208,42
162206,230
210076,26
196144,661
198612,365
16390,216
74655,107
373106,216
51198,40
146746,54
268577,82
100027,27
396728,121
442329,134
417398,28
367657,392
89110,528
268789,107
50123,27
37866,163
436321,14
102776,216
189865,41
116823,68
280199,13
245773,28
105066,13
106203,204
56512,189
137828,297
255715,108
451406,82
14877,229
99457,432
69243,15
346511,283
338537,42
444010,1176
362778,95
198657,95
157222,15
311000,257
195807,94
68516,406
41496,242
363081,190
101487,231
235164,41
426109,13
34622,40
327300,122
252968,163
146926,122
248588,365
38595,67
110987,528
12371,473
65074,284
146223,55
220458,41
331891,94
22702,55
242576,459
229668,878
159230,13
102269,231
366881,296
348520,459
246268,67
88067,14
319060,270
218401,446
118693,28
409169,433
295137,215
24030,42
331262,94
332043,324
318501,14
385169,946
259630,134
130694,67
293931,26
103800,229
172091,94
76882,688
7402,351
335710,487
140952,203
404962,122
15591,41
33347,148
281323,27
198340,28
397446,82
280760,107
237417,188
288465,310
192700,28
223539,555
329800,68
169160,109
126986,379
183089,121
301761,554
140342,82
3736,14
31809,190
128087,14
106480,42
265543,474
319480,96
33366,122
182767,40
133120,68
440727,514
113221,216
168711,53
94000,28
65191,377
301967,15
289240,53
258101,82
159915,946
18948,108
323901,95
286721,15
369770,338
438757,53
141213,824
111735,27
209834,28
182416,337
434672,1701
436862,15
437830,850
412680,15
415147,258
357585,243
96173,391
48962,94
1689,96
84872,513
334095,879
299053,446
212613,123
298140,40
34332,203
132470,215
90451,176
405392,256
382332,121
6411,202
275014,107
157901,14
303835,40
358531,177
5172,323
47121,296
102357,148
115400,568
381429,42
426247,15
247606,337
179775,149
377130,163
412363,13
226964,81
410385,27
437770,392
65521,148
272582,271
270769,636
144282,150
303301,55
181852,486
220180,162
209095,41
270092,1161
211046,433
183536,271
267480,216
256689,13
441027,69
104832,40
234183,148
394359,95
208111,28
129774,42
271636,3174
150451,391
14864,460
251789,54
265869,150
55458,270
11299,82
287237,53
276408,108
104530,150
423858,54
98370,14
130917,377
222887,136
181664,55
280171,15
399672,485
108739,365
17537,634
379220,555
154712,95
367101,94
48696,204
368592,28
28559,27
286051,40
139976,41
28303,82
364535,177
328114,41
46076,798
46135,566
281,312
349193,512
365880,366
332447,121
218895,149
42561,149
334320,14
142086,243
325423,82
147733,351
147660,539
192655,13
187193,458
222678,13
420344,257
253925,123
74039,121
335956,432
262650,312
255571,122
153434,472
372316,1067
74699,96
416019,960
119297,95
434123,406
390191,946
149829,836
73140,216
293677,339
336165,149
289707,243
192815,231
377696,40
381304,27
269080,1322
272674,55
122825,150
71474,499
333208,28
302657,175
22405,109
378948,229
152299,55
93879,188
105052,15
311787,188
32900,135
7254,877
174216,2942
400193,270
362318,122
306209,393
48660,392
217614,216
69181,41
396147,136
170570,41
125707,28
210927,377
195762,298
63322,69
92477,40
73192,40
279089,176
198243,26
354146,28
393895,27
73785,14
256713,27
363608,41
164205,122
124650,15
273011,26
281365,54
123210,351
82995,108
211786,27
172806,135
237367,54
200225,595
44615,566
443479,256
453373,270
399161,67
227196,13
346966,244
265787,244
393026,783
391452,350
310719,310
358759,161
152109,163
317744,136
145156,229
100859,568
342324,566
250595,203
165091,851
54762,121
3265,175
80309,176
67633,42
447384,108
362313,80
215151,67
264943,175
249673,283
297330,26
244108,231
417536,215
438052,271
339790,14
308736,122
232307,1000
229108,42
345603,204
121550,634
165094,905
204869,161
152046,230
353130,1689
153675,1943
447155,188
310380,82
196812,14
85878,393
223222,27
454388,27
318599,404
258992,256
112676,148
285244,134
76911,161
432247,339
279022,81
233868,68
46725,122
339197,95
120106,283
321924,418
131555,40
97357,487
140085,68
61929,285
205645,149
127219,163
154246,53
24680,175
144033,190
370000,94
317506,53
209110,15
102456,258
19084,796
242696,149
174852,27
266900,122
82003,107
84355,189
43767,1081
254847,95
258678,161
104138,541
74759,55
231878,13
142236,284
338873,53
50271,14
215967,54
212332,312
222890,149
305959,217
273865,40
197995,82
162164,865
440552,1675
420330,82
19589,53
60233,15
279691,14
245987,202
408398,338
263909,177
187126,231
418519,258
391480,258
364204,109
442383,242
178002,674
194641,177
425853,257
155072,67
402186,582
378326,460
274465,53
249610,68
446559,755
325357,230
16877,472
426818,1405
137424,1457
32350,53
74874,229
191831,296
417047,55
82628,54
300479,177
200312,501
99853,122
182338,405
263892,393
309241,122
435947,69
198792,189
68734,433
301955,28
124158,176
418350,338
432716,67
113389,350
403918,82
15621,14
82900,54
413878,68
64497,67
16755,161
298568,176
349928,150
340217,310
368557,109
403314,69
381702,14
346927,717
216190,123
430581,27
201929,215
434114,460
203040,26
312313,2094
87452,13
179495,82
393263,594
48725,661
266396,95
338307,311
393325,244
361072,406
306093,231
80242,257
239362,68
340620,541
29568,1540
259117,81
315912,526
296326,55
419241,176
247067,189
146090,284
323212,13
231043,82
258113,69
206986,231
79809,418
149267,323
426719,310
181720,715
34140,485
252397,445
213140,553
362738,41
244475,14
446479,1837
215274,134
301477,15
74022,68
312618,621
240631,215
441662,53
93452,122
72741,136
379517,42
272361,485
117933,26
298896,41
84261,405
68558,161
340693,716
412557,15
445269,94
209670,53
27168,108
172115,95
404865,134
392341,107
366038,284
286233,42
71513,1444
445859,364
443997,906
89647,256
423123,203
308269,229
237845,176
362012,26
2008,393
316994,122
319364,216
82375,107
7240,459
200013,55
371934,351
159086,432
183384,337
28010,82
286424,297
36911,122
421156,14
243160,28
221210,26
281568,204
352385,27
406937,94
136441,188
142727,230
379385,14
64627,107
3437,231
239802,15
266441,297
245789,15
313262,634
72921,42
14955,406
218106,42
101882,109
71537,406
11055,324
8362,13
420956,499
50171,55
250930,176
294165,189
276879,53
26519,258
239184,40
285033,190
324135,514
320839,688
242270,26
235395,162
336969,150
102752,41
301576,393
422127,378
125790,350
370160,15
242375,26
169502,242
216896,69
302930,67
173672,53
221772,53
99777,67
271800,149
280412,161
347134,28
49202,244
85315,257
23227,13
342391,81
42164,15
356884,42
4293,13
369380,27
163360,94
224853,257
262041,13
28367,67
334652,42
283302,405
321510,53
294226,364
86722,148
357557,13
349256,216
47387,177
268695,148
89308,15
105829,42
14176,121
241040,257
205171,27
444662,81
284052,878
376388,243
232212,256
176590,230
273570,82
265945,15
210948,959
129987,55
336803,1338
45452,609
81327,42
356835,55
8606,351
145678,231
282247,337
158364,311
253668,68
73384,230
11841,148
400616,26
238378,28
351823,27
240050,14
243076,53
336718,256
181147,14
324293,405
56990,283
95628,284
1741,231
225042,188
345085,94
185782,149
392787,1296
315078,784
410621,136
444559,175
137739,284
448080,40
351726,13
172425,13
408387,634
66671,202
225341,96
178222,838
55689,298
126233,14
334247,622
74302,123
189761,256
449092,55
203212,217
374995,296
289561,202
233310,13
413888,53
351953,176
353072,134
445599,53
365621,96
317188,28
115749,15
93317,150
299298,594
187984,82
409442,122
312862,175
351032,161
100086,14
89144,771
378706,310
245399,53
383572,823
41582,14
134776,636
178393,391
143895,420
149557,136
197042,338
145082,148
283727,14
320074,80
23789,15
77617,609
322792,40
266578,27
221073,14
383517,728
199298,67
152504,366
293368,296
262389,55
250986,28
50544,203
410311,68
55421,554
344395,40
67816,14
31975,906
309741,486
439429,161
209996,42
285217,27
239665,42
316783,54
135516,350
426829,823
284252,716
115069,392
76135,28
107142,14
249731,189
412464,41
425540,190
364298,311
119318,420
308045,499
322911,27
241822,81
153011,473
49543,163
80012,231
38986,1120
382853,41
361403,26
16746,54
223561,432
372059,2375
118632,26
449350,121
27092,13
297340,14
352625,40
422642,553
369138,26
180085,96
448091,122
393995,107
240651,69
41984,283
173409,527
81358,80
149434,55
109885,512
394178,418
423900,27
350024,28
145437,82
10088,783
101606,134
29042,204
30373,1404
118507,54
236181,108
201952,80
136857,15
334626,55
149350,339
375542,55
89448,378
37507,243
78481,458
147538,53
183414,216
287012,350
442685,28
67639,41
317726,217
38042,485
49050,323
334197,404
107746,648
113405,865
216882,458
452176,298
210653,55
412393,13
437444,13
263353,323
228115,13
309288,81
444915,581
54096,80
183756,150
53823,55
444653,121
354041,109
261773,109
200843,28
77161,28
220892,68
444626,15
453696,216
272116,420
178942,393
332907,27
9851,67
396472,311
91996,203
97924,756
324470,15
335570,555
122714,67
33676,337
188333,122
191370,135
425988,243
95107,40
112331,28
241408,149
346057,27
360547,256
10759,242
439036,217
425607,26
258154,14
362276,81
84654,215
262359,27
307859,28
37911,189
453212,14
147393,1026
37551,823
265437,40
333625,68
125083,53
330926,69
116687,2227
43919,1513
65836,68
439146,230
428959,54
314839,852
828,42
409011,121
173127,217
100610,40
256786,53
142957,244
16693,67
74803,80
208714,69
77262,81
88420,14
263416,53
266344,109
366861,190
179128,364
44601,852
268441,500
189894,15
206387,27
256633,14
22229,28
449700,53
173680,13
140700,136
433800,1363
324687,311
290453,41
371222,1513
217356,323
197405,40
52597,256
255961,26
392964,796
230689,635
26296,14
13354,95
202635,486
382417,14
227704,150
166558,68
120434,96
142844,649
55332,41
452050,555
415960,404
134611,1403
4477,109
185672,27
295020,567
229283,189
67143,80
53067,123
380545,189
164334,42
304694,54
333477,41
25794,42
144748,53
445974,782
423455,41
191538,95
66855,135
199631,269
374187,150
79766,473
80201,177
54677,26
283016,161
17000,486
292388,648
183293,364
137917,149
263514,53
235342,123
297964,67
432174,311
435783,15
76993,514
402975,378
150778,15
134836,296
283848,135
211914,244
129656,42
3059,80
53050,377
310600,15
152077,108
320435,647
400490,271
241173,122
273248,161
322369,134
360537,54
11768,1106
240321,14
365241,244
430531,14
404330,162
401459,108
342417,149
205310,296
328199,13
349296,215
329471,202
163069,68
294292,648
100896,378
15738,15
109499,149
119847,986
135562,528
201199,257
48520,123
65947,14
344172,757
392878,67
434251,121
132484,27
65635,379
40584,122
229704,662
16206,67
162354,94
143618,717
452373,68
295964,121
302103,134
236382,149
11209,41
359838,81
152218,136
210370,27
196778,13
130337,14
313375,838
83686,431
87009,41
78182,123
410132,122
146308,54
362356,81
174192,310
243432,594
133362,53
419132,391
390775,1228
437269,28
74370,108
331224,26
301532,554
115587,26
275872,149
95102,94
444481,175
329395,501
212890,161
249823,69
264755,526
337507,285
364309,324
295813,28
307398,310
176987,216
103512,42
232280,311
164011,54
228686,14
311555,82
383190,285
179613,783
93776,150
449713,27
188291,55
398380,190
87573,13
28105,26
295808,53
118396,14
350391,229
403334,28
454825,121
144959,69
302400,474
278332,244
194508,621
199791,136
238410,28
359666,136
357888,27
120253,69
315536,95
139062,163
173313,271
211434,769
393525,635
278544,14
315339,67
156113,27
28936,445
369340,41
449845,81
424195,175
71749,323
144017,256
347344,27
270093,865
168358,393
366007,406
397548,53
328018,13
326880,69
234378,26
186405,80
386869,108
96761,365
335347,15
351275,175
125062,285
245277,68
310516,42
284742,378
263119,621
204003,42
5493,244
68727,446
281246,67
251775,82
364759,26
190932,40
221511,41
33266,257
288798,350
275384,325
262529,67
117297,41
27724,68
169882,107
59131,15
371255,864
184993,53
179037,378
32639,1054
35975,433
63943,96
449969,41
228658,28
166884,743
288529,675
319934,15
224674,69
48220,68
446547,500
430748,81
137505,13
209316,40
99944,378
283651,27
316636,460
363600,28
376451,134
24067,53
20418,54
80092,107
137581,176
234802,204
456379,283
302022,204
7671,189
23949,15
350360,1040
328105,53
82517,40
213898,285
76526,148
156741,15
63337,54
430298,14
282742,107
393459,271
126322,41
142326,256
61487,80
240497,202
358711,136
401444,27
646,108
2328,13
172223,42
358928,27
53521,68
276765,242
408080,932
221342,40
240985,501
12315,1176
308670,446
304216,14
253036,54
261841,136
193477,190
92198,271
370238,1688
432411,135
186297,41
210463,14
133349,41
80590,41
452309,67
157156,405
278547,28
98691,135
291491,80
319022,81
257321,162
444212,323
205139,14
305652,445
187572,1727
94241,28
203020,13
268604,230
417016,107
391038,1500
381298,94
80935,94
187802,420
72363,229
416568,80
179261,42
214201,123
308029,917
156007,67
185260,297
363469,123
322060,26
206545,82
344452,149
165536,40
379194,514
182144,95
311810,593
135554,325
205377,203
425328,284
156289,702
212600,95
337029,216
393743,28
213090,458
289613,352
381853,28
237395,256
104553,501
10605,2080
441811,135
47186,323
312280,1864
143624,540
54684,134
169787,285
197781,338
45284,1769
89926,14
63658,500
447327,55
325183,53
220743,204
347386,108
24284,215
166177,730
357755,14
64712,41
185037,148
