ID,Term
908761,0
908762,0
908763,0
908764,0
908765,0
908766,1
908767,0
908768,0
908769,0
908770,0
908771,1
908772,0
908773,1
908774,0
908775,0
908776,0
908777,0
908778,0
908779,1
908780,0
908781,0
908782,1
908783,0
908784,0
908785,0
908786,0
908787,0
908788,0
908789,0
908790,0
908791,1
908792,0
908793,0
908794,1
908795,0
908796,0
908797,0
908798,0
908799,0
908800,0
908801,0
908802,0
908803,0
908804,0
908805,0
908806,0
908807,0
908808,0
908809,0
908810,1
908811,0
908812,0
908813,0
908814,0
908815,0
908816,1
908817,0
908818,0
908819,0
908820,0
908821,1
908822,1
908823,0
908824,0
908825,0
908826,0
908827,0
908828,0
908829,0
908830,0
908831,0
908832,0
908833,1
908834,0
908835,0
908836,0
908837,0
908838,0
908839,0
908840,0
908841,0
908842,0
908843,0
908844,0
908845,1
908846,0
908847,0
908848,0
908849,0
908850,0
908851,0
908852,0
908853,0
908854,0
908855,0
908856,0
908857,1
908858,0
908859,0
908860,0
908861,0
908862,0
908863,1
908864,0
908865,0
908866,0
908867,0
908868,0
908869,0
908870,0
908871,0
908872,0
908873,0
908874,0
908875,0
908876,0
908877,1
908878,0
908879,0
908880,0
908881,0
908882,0
908883,0
908884,0
908885,0
908886,1
908887,0
908888,0
908889,0
908890,0
908891,0
908892,0
908893,0
908894,0
908895,0
908896,0
908897,1
908898,0
908899,1
908900,0
908901,0
908902,0
908903,0
908904,1
908905,0
908906,1
908907,0
908908,0
908909,0
908910,0
908911,1
908912,0
908913,0
908914,1
908915,0
908916,0
908917,1
908918,0
908919,1
908920,0
908921,0
908922,1
908923,0
908924,0
908925,1
908926,1
908927,0
908928,0
908929,0
908930,0
908931,0
908932,0
908933,0
908934,0
908935,1
908936,0
908937,1
908938,0
908939,0
908940,0
908941,0
908942,0
908943,0
908944,0
908945,0
908946,0
908947,0
908948,0
908949,1
908950,0
908951,1
908952,0
908953,0
908954,0
908955,0
908956,0
908957,0
908958,0
908959,0
908960,0
908961,0
908962,0
908963,0
908964,0
908965,0
908966,0
908967,0
908968,0
908969,0
908970,0
908971,0
908972,0
908973,1
908974,1
908975,0
908976,0
908977,0
908978,0
908979,0
908980,0
908981,1
908982,0
908983,0
908984,0
908985,0
908986,0
908987,0
908988,0
908989,0
908990,0
908991,0
908992,0
908993,0
908994,1
908995,0
908996,0
908997,0
908998,0
908999,0
909000,1
909001,1
909002,0
909003,0
909004,0
909005,0
909006,0
909007,0
909008,0
909009,0
909010,0
909011,0
909012,0
909013,0
909014,1
909015,1
909016,0
909017,1
909018,0
909019,0
909020,0
909021,0
909022,0
909023,0
909024,0
909025,1
909026,0
909027,0
909028,1
909029,1
909030,0
909031,0
909032,0
909033,0
909034,1
909035,0
909036,0
909037,1
909038,0
909039,1
909040,0
909041,0
909042,1
909043,1
909044,0
909045,0
909046,0
909047,0
909048,1
909049,0
909050,0
909051,0
909052,0
909053,0
909054,0
909055,0
909056,1
909057,0
909058,0
909059,0
909060,0
909061,0
909062,0
909063,0
909064,0
909065,0
909066,0
909067,0
909068,0
909069,0
909070,0
909071,0
909072,0
909073,0
909074,1
909075,0
909076,0
909077,0
909078,0
909079,0
909080,0
909081,0
909082,0
909083,1
909084,1
909085,0
909086,0
909087,0
909088,0
909089,1
909090,0
909091,0
909092,0
909093,0
909094,0
909095,1
909096,0
909097,0
909098,0
909099,0
909100,0
909101,0
909102,0
909103,0
909104,0
909105,0
909106,0
909107,0
909108,0
909109,0
909110,0
909111,1
909112,0
909113,0
909114,0
909115,0
909116,0
909117,1
909118,0
909119,0
909120,0
909121,0
909122,0
909123,1
909124,0
909125,1
909126,0
909127,0
909128,0
909129,1
909130,0
909131,0
909132,0
909133,0
909134,1
909135,0
909136,0
909137,0
909138,1
909139,1
909140,0
909141,0
909142,0
909143,0
909144,0
909145,0
909146,0
909147,0
909148,0
909149,0
909150,0
909151,0
909152,1
909153,1
909154,0
909155,1
909156,0
909157,0
909158,0
909159,0
909160,0
909161,0
909162,0
909163,0
909164,1
909165,1
909166,0
909167,1
909168,0
909169,0
909170,1
909171,0
909172,0
909173,0
909174,1
909175,0
909176,0
909177,0
909178,0
909179,0
909180,0
909181,0
909182,0
909183,1
909184,0
909185,1
909186,0
909187,0
909188,0
909189,0
909190,0
909191,1
909192,0
909193,0
909194,0
909195,0
909196,0
909197,0
909198,0
909199,0
909200,0
909201,0
909202,0
909203,0
909204,0
909205,1
909206,1
909207,0
909208,0
909209,0
909210,1
909211,0
909212,1
909213,0
909214,0
909215,0
909216,0
909217,0
909218,1
909219,0
909220,0
909221,1
909222,0
909223,0
909224,0
909225,0
909226,0
909227,0
909228,0
909229,0
909230,0
909231,0
909232,0
909233,0
909234,0
909235,0
909236,0
909237,0
909238,0
909239,0
909240,0
909241,0
909242,0
909243,0
909244,0
909245,0
909246,0
909247,0
909248,0
909249,0
909250,0
909251,0
909252,0
909253,0
909254,0
909255,1
909256,0
909257,0
909258,1
909259,0
909260,0
909261,0
909262,0
909263,0
909264,1
909265,0
909266,0
909267,0
909268,0
909269,1
909270,0
909271,0
909272,0
909273,0
909274,0
909275,0
909276,1
909277,0
909278,0
909279,0
909280,0
909281,0
909282,0
909283,0
909284,0
909285,0
909286,0
909287,0
909288,0
909289,0
909290,0
909291,0
909292,1
909293,0
909294,0
909295,0
909296,0
909297,0
909298,0
909299,0
909300,0
909301,0
909302,1
909303,0
909304,0
909305,0
909306,0
909307,0
909308,0
909309,0
909310,0
909311,0
909312,0
909313,1
909314,0
909315,0
909316,0
909317,0
909318,0
909319,0
909320,0
909321,0
909322,0
909323,0
909324,0
909325,0
909326,0
909327,0
909328,0
909329,0
909330,1
909331,1
909332,0
909333,1
909334,0
909335,0
909336,1
909337,0
909338,0
909339,0
909340,0
909341,0
909342,0
909343,0
909344,0
909345,0
909346,0
909347,0
909348,0
909349,0
909350,0
909351,1
909352,0
909353,0
909354,0
909355,0
909356,0
909357,0
909358,0
909359,1
909360,0
909361,0
909362,0
909363,0
909364,1
909365,1
909366,0
909367,0
909368,0
909369,0
909370,0
909371,0
909372,0
909373,0
909374,0
909375,0
909376,0
909377,0
909378,0
909379,0
909380,0
909381,0
909382,0
909383,0
909384,1
909385,0
909386,0
909387,0
909388,0
909389,0
909390,1
909391,1
909392,0
909393,0
909394,0
909395,0
909396,0
909397,0
909398,0
909399,0
909400,1
909401,0
909402,0
909403,0
909404,0
909405,0
909406,0
909407,0
909408,0
909409,0
909410,1
909411,0
909412,0
909413,0
909414,0
909415,0
909416,0
909417,0
909418,1
909419,0
909420,0
909421,0
909422,0
909423,0
909424,0
909425,1
909426,0
909427,0
909428,1
909429,0
909430,0
909431,1
909432,1
909433,0
909434,0
909435,0
909436,0
909437,0
909438,0
909439,1
909440,0
909441,1
909442,1
909443,0
909444,1
909445,1
909446,0
909447,0
909448,0
909449,0
909450,0
909451,1
909452,1
909453,0
909454,0
909455,0
909456,0
909457,0
909458,1
909459,0
909460,0
909461,0
909462,0
909463,0
909464,0
909465,0
909466,0
909467,0
909468,0
909469,0
909470,0
909471,0
909472,0
909473,0
909474,0
909475,0
909476,0
909477,1
909478,0
909479,1
909480,0
909481,0
909482,1
909483,0
909484,0
909485,0
909486,0
909487,0
909488,0
909489,0
909490,0
909491,0
909492,0
909493,0
909494,1
909495,0
909496,1
909497,0
909498,0
909499,0
909500,0
909501,0
909502,0
909503,0
909504,0
909505,0
909506,0
909507,1
909508,0
909509,1
909510,0
909511,1
909512,0
909513,0
909514,1
909515,0
909516,0
909517,0
909518,0
909519,0
909520,0
909521,0
909522,0
909523,0
909524,1
909525,0
909526,0
909527,0
909528,0
909529,1
909530,0
909531,0
909532,1
909533,0
909534,0
909535,1
909536,0
909537,0
909538,0
909539,0
909540,0
909541,0
909542,0
909543,1
909544,0
909545,0
909546,0
909547,1
909548,0
909549,0
909550,0
909551,0
909552,0
909553,0
909554,0
909555,0
909556,0
909557,0
909558,0
909559,1
909560,1
909561,0
909562,0
909563,0
909564,0
909565,0
909566,0
909567,0
909568,0
909569,0
909570,1
909571,0
909572,0
909573,0
909574,0
909575,0
909576,0
909577,0
909578,0
909579,0
909580,0
909581,0
909582,0
909583,0
909584,0
909585,0
909586,0
909587,0
909588,1
909589,1
909590,0
909591,1
909592,0
909593,0
909594,0
909595,0
909596,0
909597,0
909598,0
909599,0
909600,0
909601,0
909602,0
909603,0
909604,1
909605,1
909606,0
909607,0
909608,0
909609,0
909610,0
909611,1
909612,0
909613,0
909614,0
909615,0
909616,0
909617,0
909618,1
909619,0
909620,0
909621,0
909622,0
909623,1
909624,1
909625,0
909626,0
909627,0
909628,0
909629,0
909630,1
909631,0
909632,0
909633,1
909634,0
909635,0
909636,0
909637,1
909638,0
909639,0
909640,0
909641,0
909642,0
909643,0
909644,0
909645,0
909646,0
909647,0
909648,0
909649,0
909650,0
909651,0
909652,0
909653,0
909654,0
909655,0
909656,0
909657,0
909658,0
909659,0
909660,0
909661,0
909662,0
909663,0
909664,0
909665,0
909666,1
909667,1
909668,0
909669,0
909670,0
909671,0
909672,0
909673,1
909674,0
909675,0
909676,0
909677,0
909678,0
909679,0
909680,1
909681,0
909682,0
909683,1
909684,0
909685,0
909686,0
909687,0
909688,0
909689,0
909690,0
909691,0
909692,0
909693,0
909694,0
909695,1
909696,0
909697,1
909698,0
909699,0
909700,0
909701,0
909702,0
909703,0
909704,1
909705,0
909706,0
909707,0
909708,0
909709,0
909710,0
909711,0
909712,1
909713,1
909714,0
909715,1
909716,0
909717,1
909718,1
909719,0
909720,0
909721,0
909722,0
909723,0
909724,0
909725,1
909726,1
909727,1
909728,0
909729,0
909730,1
909731,1
909732,0
909733,0
909734,1
909735,0
909736,0
909737,0
909738,0
909739,0
909740,0
909741,0
909742,0
909743,0
909744,0
909745,0
909746,0
909747,1
909748,0
909749,0
909750,0
909751,0
909752,0
909753,0
909754,0
909755,0
909756,0
909757,1
909758,0
909759,0
909760,0
909761,0
909762,0
909763,0
909764,0
909765,0
909766,0
909767,1
909768,0
909769,0
909770,0
909771,0
909772,0
909773,0
909774,1
909775,0
909776,0
909777,0
909778,0
909779,0
909780,1
909781,0
909782,0
909783,0
909784,1
909785,0
909786,0
909787,1
909788,0
909789,0
909790,0
909791,0
909792,0
909793,1
909794,0
909795,0
909796,0
909797,0
909798,0
909799,1
909800,0
909801,0
909802,0
909803,0
909804,0
909805,0
909806,0
909807,1
909808,0
909809,0
909810,1
909811,0
909812,0
909813,0
909814,0
909815,0
909816,0
909817,0
909818,1
909819,1
909820,0
909821,0
909822,0
909823,0
909824,0
909825,0
909826,0
909827,1
909828,0
909829,0
909830,0
909831,0
909832,1
909833,0
909834,0
909835,0
909836,1
909837,0
909838,0
909839,0
909840,1
909841,0
909842,0
909843,0
909844,0
909845,0
909846,0
909847,0
909848,0
909849,0
909850,0
909851,1
909852,0
909853,0
909854,0
909855,0
909856,0
909857,0
909858,0
909859,1
909860,0
909861,1
909862,0
909863,0
909864,0
909865,0
909866,0
909867,0
909868,1
909869,1
909870,0
909871,0
909872,0
909873,0
909874,0
909875,0
909876,0
909877,1
909878,0
909879,0
909880,0
909881,0
909882,0
909883,1
909884,0
909885,0
909886,1
909887,0
909888,0
909889,1
909890,0
909891,0
909892,0
909893,0
909894,0
909895,0
909896,0
909897,0
909898,0
909899,0
909900,1
909901,0
909902,0
909903,0
909904,0
909905,0
909906,1
909907,0
909908,0
909909,0
909910,0
909911,0
909912,0
909913,0
909914,1
909915,0
909916,0
909917,0
909918,0
909919,0
909920,0
909921,0
909922,0
909923,0
909924,0
909925,0
909926,0
909927,0
909928,0
909929,0
909930,0
909931,0
909932,0
909933,0
909934,0
909935,0
909936,1
909937,0
909938,0
909939,0
909940,0
909941,1
909942,0
909943,0
909944,0
909945,0
909946,1
909947,1
909948,0
909949,0
909950,1
909951,1
909952,0
909953,0
909954,0
909955,0
909956,0
909957,0
909958,0
909959,0
909960,0
909961,0
909962,0
909963,0
909964,0
909965,1
909966,0
909967,0
909968,0
909969,0
909970,0
909971,0
909972,0
909973,0
909974,0
909975,1
909976,0
909977,0
909978,0
909979,0
909980,0
909981,0
909982,0
909983,0
909984,0
909985,0
909986,0
909987,1
909988,0
909989,0
909990,0
909991,0
909992,0
909993,0
909994,0
909995,1
909996,0
909997,0
909998,0
909999,0
910000,0
910001,0
910002,0
910003,0
910004,0
910005,0
910006,0
910007,1
910008,0
910009,0
910010,0
910011,0
910012,0
910013,0
910014,0
910015,0
910016,0
910017,0
910018,1
910019,0
910020,0
910021,0
910022,0
910023,0
910024,0
910025,0
910026,0
910027,0
910028,0
910029,0
910030,0
910031,0
910032,0
910033,0
910034,0
910035,0
910036,0
910037,0
910038,0
910039,1
910040,1
910041,0
910042,0
910043,0
910044,0
910045,0
910046,0
910047,0
910048,0
910049,0
910050,0
910051,0
910052,0
910053,0
910054,1
910055,1
910056,0
910057,1
910058,0
910059,0
910060,1
910061,1
910062,0
910063,0
910064,0
910065,0
910066,0
910067,0
910068,0
910069,0
910070,0
910071,0
910072,0
910073,1
910074,0
910075,0
910076,0
910077,0
910078,0
910079,0
910080,0
910081,1
910082,1
910083,0
910084,0
910085,1
910086,0
910087,0
910088,1
910089,0
910090,0
910091,0
910092,0
910093,0
910094,0
910095,0
910096,0
910097,0
910098,0
910099,0
910100,0
910101,0
910102,0
910103,1
910104,0
910105,0
910106,0
910107,0
910108,1
910109,0
910110,0
910111,0
910112,1
910113,0
910114,1
910115,0
910116,0
910117,0
910118,0
910119,0
910120,0
910121,0
910122,0
910123,1
910124,1
910125,0
910126,0
910127,0
910128,0
910129,0
910130,0
910131,1
910132,0
910133,0
910134,1
910135,0
910136,0
910137,1
910138,0
910139,0
910140,0
910141,0
910142,0
910143,0
910144,0
910145,0
910146,0
910147,0
910148,0
910149,0
910150,0
910151,0
910152,0
910153,0
910154,0
910155,0
910156,0
910157,1
910158,0
910159,1
910160,0
910161,0
910162,0
910163,0
910164,0
910165,1
910166,1
910167,0
910168,0
910169,0
910170,0
910171,0
910172,0
910173,0
910174,0
910175,1
910176,0
910177,1
910178,0
910179,0
910180,0
910181,0
910182,0
910183,0
910184,0
910185,0
910186,0
910187,0
910188,0
910189,0
910190,0
910191,0
910192,0
910193,0
910194,0
910195,0
910196,0
910197,1
910198,0
910199,0
910200,0
910201,0
910202,0
910203,0
910204,1
910205,0
910206,0
910207,0
910208,0
910209,0
910210,0
910211,0
910212,0
910213,0
910214,0
910215,0
910216,0
910217,1
910218,1
910219,0
910220,0
910221,0
910222,0
910223,0
910224,0
910225,0
910226,1
910227,0
910228,0
910229,0
910230,0
910231,0
910232,0
910233,0
910234,0
910235,0
910236,0
910237,0
910238,0
910239,1
910240,0
910241,0
910242,0
910243,0
910244,1
910245,0
910246,0
910247,0
910248,1
910249,0
910250,0
910251,0
910252,1
910253,0
910254,1
910255,0
910256,0
910257,0
910258,0
910259,0
910260,0
910261,0
910262,0
910263,0
910264,0
910265,0
910266,0
910267,0
910268,0
910269,0
910270,0
910271,0
910272,0
910273,0
910274,0
910275,0
910276,0
910277,0
910278,0
910279,0
910280,0
910281,0
910282,0
910283,0
910284,0
910285,0
910286,1
910287,1
910288,0
910289,0
910290,0
910291,0
910292,0
910293,0
910294,0
910295,0
910296,0
910297,0
910298,0
910299,0
910300,0
910301,0
910302,0
910303,1
910304,0
910305,1
910306,0
910307,0
910308,1
910309,1
910310,0
910311,1
910312,0
910313,0
910314,1
910315,0
910316,1
910317,0
910318,0
910319,1
910320,0
910321,0
910322,0
910323,0
910324,0
910325,0
910326,0
910327,0
910328,0
910329,0
910330,0
910331,0
910332,1
910333,0
910334,1
910335,0
910336,0
910337,0
910338,0
910339,0
910340,0
910341,1
910342,0
910343,0
910344,0
910345,0
910346,0
910347,0
910348,0
910349,0
910350,0
910351,0
910352,0
910353,0
910354,0
910355,0
910356,0
910357,0
910358,0
910359,0
910360,1
910361,0
910362,1
910363,0
910364,0
910365,0
910366,1
910367,0
910368,1
910369,0
910370,0
910371,0
910372,0
910373,1
910374,1
910375,0
910376,0
910377,0
910378,0
910379,0
910380,0
910381,0
910382,0
910383,0
910384,0
910385,0
910386,0
910387,1
910388,0
910389,1
910390,0
910391,0
910392,0
910393,0
910394,0
910395,0
910396,0
910397,0
910398,0
910399,0
910400,0
910401,0
910402,1
910403,0
910404,0
910405,0
910406,0
910407,0
910408,0
910409,0
910410,0
910411,0
910412,0
910413,0
910414,1
910415,1
910416,0
910417,0
910418,0
910419,0
910420,0
910421,0
910422,0
910423,0
910424,0
910425,0
910426,0
910427,0
910428,0
910429,1
910430,0
910431,0
910432,0
910433,1
910434,0
910435,0
910436,0
910437,1
910438,0
910439,1
910440,0
910441,0
910442,0
910443,0
910444,1
910445,0
910446,0
910447,0
910448,0
910449,0
910450,0
910451,0
910452,1
910453,0
910454,0
910455,0
910456,0
910457,0
910458,0
910459,1
910460,0
910461,1
910462,1
910463,1
910464,0
910465,0
910466,0
910467,0
910468,0
910469,0
910470,0
910471,0
910472,0
910473,0
910474,0
910475,0
910476,1
910477,0
910478,0
910479,0
910480,0
910481,0
910482,1
910483,1
910484,0
910485,1
910486,0
910487,0
910488,0
910489,0
910490,0
910491,0
910492,0
910493,0
910494,0
910495,1
910496,1
910497,0
910498,1
910499,0
910500,0
910501,0
910502,0
910503,0
910504,0
910505,1
910506,1
910507,0
910508,0
910509,0
910510,0
910511,0
910512,0
910513,0
910514,0
910515,1
910516,0
910517,1
910518,0
910519,0
910520,0
910521,0
910522,0
910523,1
910524,0
910525,0
910526,0
910527,0
910528,0
910529,0
910530,0
910531,0
910532,0
910533,0
910534,0
910535,0
910536,1
910537,0
910538,0
910539,0
910540,0
910541,0
910542,0
910543,1
910544,0
910545,1
910546,0
910547,0
910548,0
910549,1
910550,0
910551,0
910552,0
910553,0
910554,0
910555,0
910556,0
910557,1
910558,0
910559,0
910560,0
910561,0
910562,0
910563,0
910564,0
910565,0
910566,0
910567,1
910568,0
910569,1
910570,0
910571,0
910572,0
910573,0
910574,0
910575,0
910576,0
910577,1
910578,1
910579,0
910580,1
910581,0
910582,0
910583,1
910584,0
910585,0
910586,0
910587,0
910588,0
910589,0
910590,0
910591,1
910592,0
910593,0
910594,0
910595,0
910596,0
910597,0
910598,0
910599,0
910600,0
910601,0
910602,0
910603,0
910604,1
910605,0
910606,0
910607,0
910608,1
910609,0
910610,0
910611,0
910612,0
910613,0
910614,0
910615,0
910616,0
910617,0
910618,0
910619,0
910620,0
910621,0
910622,0
910623,0
910624,0
910625,0
910626,0
910627,0
910628,1
910629,0
910630,0
910631,0
910632,0
910633,0
910634,0
910635,0
910636,1
910637,0
910638,0
910639,0
910640,0
910641,0
910642,0
910643,0
910644,0
910645,0
910646,0
910647,0
910648,0
910649,0
910650,0
910651,0
910652,0
910653,0
910654,1
910655,0
910656,0
910657,1
910658,1
910659,0
910660,1
910661,1
910662,0
910663,0
910664,0
910665,0
910666,0
910667,0
910668,0
910669,0
910670,0
910671,0
910672,1
910673,1
910674,0
910675,0
910676,0
910677,0
910678,0
910679,0
910680,0
910681,0
910682,0
910683,1
910684,0
910685,0
910686,0
910687,1
910688,0
910689,1
910690,0
910691,0
910692,0
910693,0
910694,0
910695,1
910696,0
910697,0
910698,0
910699,1
910700,1
910701,0
910702,0
910703,0
910704,0
910705,0
910706,0
910707,1
910708,0
910709,0
910710,0
910711,0
910712,0
910713,0
910714,0
910715,0
910716,0
910717,0
910718,0
910719,0
910720,0
910721,0
910722,0
910723,0
910724,1
910725,0
910726,1
910727,0
910728,0
910729,0
910730,0
910731,0
910732,0
910733,0
910734,0
910735,0
910736,0
910737,0
910738,1
910739,0
910740,0
910741,0
910742,0
910743,0
910744,0
910745,0
910746,1
910747,0
910748,0
910749,0
910750,0
910751,0
910752,0
910753,0
910754,1
910755,0
910756,0
910757,0
910758,0
910759,0
910760,0
910761,0
910762,0
910763,0
910764,0
910765,0
910766,0
910767,1
910768,0
910769,0
910770,0
910771,0
910772,0
910773,0
910774,1
910775,1
910776,0
910777,0
910778,1
910779,1
910780,0
910781,0
910782,0
910783,0
910784,1
910785,1
910786,0
910787,0
910788,0
910789,1
910790,1
910791,0
910792,0
910793,0
910794,1
910795,1
910796,0
910797,1
910798,0
910799,0
910800,1
910801,0
910802,1
910803,0
910804,0
910805,0
910806,0
910807,0
910808,0
910809,0
910810,0
910811,0
910812,0
910813,0
910814,0
910815,0
910816,0
910817,0
910818,0
910819,0
910820,0
910821,1
910822,1
910823,1
910824,0
910825,0
910826,0
910827,0
910828,1
910829,0
910830,0
910831,0
910832,1
910833,0
910834,0
910835,1
910836,0
910837,0
910838,0
910839,0
910840,0
910841,0
910842,0
910843,0
910844,0
910845,0
910846,0
910847,0
910848,0
910849,1
910850,0
910851,0
910852,0
910853,0
910854,0
910855,0
910856,0
910857,0
910858,1
910859,0
910860,1
910861,1
910862,0
910863,0
910864,0
910865,0
910866,1
910867,0
910868,0
910869,0
910870,0
910871,0
910872,0
910873,0
910874,0
910875,0
910876,0
910877,0
910878,0
910879,0
910880,0
910881,0
910882,0
910883,1
910884,0
910885,0
910886,0
910887,1
910888,0
910889,0
910890,0
910891,0
910892,0
910893,0
910894,0
910895,0
910896,1
910897,1
910898,0
910899,0
910900,0
910901,0
910902,0
910903,0
910904,0
910905,0
910906,0
910907,0
910908,0
910909,1
910910,1
910911,0
910912,0
910913,0
910914,1
910915,0
910916,0
910917,0
910918,0
910919,0
910920,0
910921,0
910922,0
910923,1
910924,0
910925,0
910926,1
910927,0
910928,1
910929,0
910930,0
910931,1
910932,0
910933,0
910934,1
910935,0
910936,0
910937,1
910938,0
910939,0
910940,0
910941,0
910942,0
910943,0
910944,0
910945,0
910946,0
910947,0
910948,0
910949,0
910950,0
910951,0
910952,0
910953,1
910954,0
910955,0
910956,0
910957,0
910958,1
910959,1
910960,0
910961,0
910962,0
910963,1
910964,0
910965,0
910966,0
910967,0
910968,0
910969,0
910970,0
910971,0
910972,0
910973,0
910974,0
910975,0
910976,0
910977,0
910978,0
910979,0
910980,0
910981,0
910982,1
910983,0
910984,0
910985,0
910986,0
910987,0
910988,0
910989,0
910990,1
910991,0
910992,1
910993,0
910994,0
910995,0
910996,0
910997,0
910998,0
910999,1
911000,1
911001,1
911002,0
911003,0
911004,1
911005,0
911006,0
911007,1
911008,0
911009,0
911010,0
911011,0
911012,1
911013,0
911014,0
911015,0
911016,0
911017,0
911018,0
911019,0
911020,0
911021,0
911022,0
911023,0
911024,0
911025,0
911026,1
911027,0
911028,0
911029,1
911030,0
911031,0
911032,0
911033,0
911034,0
911035,1
911036,0
911037,0
911038,0
911039,0
911040,0
911041,0
911042,0
911043,0
911044,1
911045,0
911046,0
911047,0
911048,0
911049,0
911050,0
911051,0
911052,0
911053,0
911054,0
911055,0
911056,0
911057,0
911058,0
911059,0
911060,0
911061,1
911062,0
911063,0
911064,0
911065,0
911066,0
911067,0
911068,0
911069,0
911070,0
911071,0
911072,1
911073,1
911074,1
911075,0
911076,0
911077,0
911078,1
911079,0
911080,0
911081,0
911082,1
911083,0
911084,0
911085,1
911086,0
911087,0
911088,0
911089,0
911090,1
911091,0
911092,0
911093,0
911094,0
911095,0
911096,0
911097,0
911098,1
911099,1
911100,1
911101,0
911102,0
911103,0
911104,0
911105,0
911106,0
911107,1
911108,0
911109,0
911110,1
911111,0
911112,0
911113,0
911114,0
911115,0
911116,0
911117,0
911118,0
911119,0
911120,1
911121,0
911122,0
911123,0
911124,0
911125,0
911126,0
911127,0
911128,1
911129,0
911130,0
911131,0
911132,0
911133,0
911134,0
911135,0
911136,0
911137,0
911138,0
911139,0
911140,0
911141,0
911142,0
911143,0
911144,0
911145,0
911146,0
911147,0
911148,1
911149,0
911150,0
911151,1
911152,0
911153,0
911154,0
911155,1
911156,0
911157,1
911158,0
911159,0
911160,0
911161,1
911162,0
911163,0
911164,0
911165,0
911166,0
911167,0
911168,0
911169,0
911170,0
911171,0
911172,0
911173,0
911174,1
911175,0
911176,0
911177,0
911178,0
911179,1
911180,0
911181,0
911182,0
911183,0
911184,0
911185,0
911186,1
911187,0
911188,0
911189,0
911190,1
911191,1
911192,0
911193,0
911194,1
911195,0
911196,0
911197,0
911198,0
911199,0
911200,1
911201,0
911202,1
911203,0
911204,0
911205,0
911206,0
911207,0
911208,1
911209,0
911210,0
911211,0
911212,0
911213,0
911214,1
911215,0
911216,0
911217,1
911218,0
911219,0
911220,0
911221,0
911222,0
911223,0
911224,0
911225,0
911226,0
911227,0
911228,0
911229,0
911230,0
911231,0
911232,0
911233,0
911234,0
911235,0
911236,0
911237,0
911238,0
911239,0
911240,0
911241,0
911242,0
911243,0
911244,0
911245,0
911246,0
911247,0
911248,0
911249,0
911250,0
911251,1
911252,0
911253,0
911254,0
911255,0
911256,0
911257,0
911258,0
911259,0
911260,0
911261,0
911262,0
911263,0
911264,0
911265,0
911266,0
911267,0
911268,0
911269,1
911270,0
911271,1
911272,1
911273,0
911274,0
911275,0
911276,0
911277,0
911278,0
911279,0
911280,0
911281,0
911282,0
911283,0
911284,0
911285,0
911286,0
911287,0
911288,0
911289,0
911290,0
911291,0
911292,0
911293,0
911294,0
911295,0
911296,1
911297,0
911298,0
911299,0
911300,0
911301,0
911302,0
911303,0
911304,1
911305,0
911306,0
911307,1
911308,0
911309,0
911310,1
911311,0
911312,1
911313,0
911314,0
911315,0
911316,0
911317,0
911318,1
911319,1
911320,0
911321,0
911322,0
911323,0
911324,1
911325,0
911326,0
911327,0
911328,0
911329,1
911330,0
911331,1
911332,0
911333,0
911334,0
911335,0
911336,0
911337,0
911338,0
911339,0
911340,0
911341,0
911342,0
911343,0
911344,0
911345,0
911346,0
911347,0
911348,0
911349,1
911350,0
911351,0
911352,0
911353,0
911354,1
911355,1
911356,0
911357,0
911358,0
911359,0
911360,1
911361,0
911362,0
911363,0
911364,0
911365,0
911366,0
911367,0
911368,1
911369,0
911370,1
911371,0
911372,0
911373,0
911374,0
911375,0
911376,1
911377,0
911378,0
911379,0
911380,1
911381,1
911382,0
911383,0
911384,0
911385,0
911386,1
911387,0
911388,0
911389,0
911390,0
911391,0
911392,0
911393,0
911394,1
911395,0
911396,0
911397,0
911398,0
911399,0
911400,0
911401,1
911402,0
911403,0
911404,1
911405,0
911406,0
911407,0
911408,0
911409,1
911410,0
911411,0
911412,0
911413,0
911414,0
911415,0
911416,0
911417,0
911418,1
911419,0
911420,0
911421,0
911422,0
911423,0
911424,1
911425,0
911426,0
911427,0
911428,0
911429,0
911430,1
911431,0
911432,0
911433,1
911434,1
911435,0
911436,1
911437,0
911438,0
911439,1
911440,0
911441,0
911442,0
911443,0
911444,0
911445,0
911446,0
911447,1
911448,0
911449,0
911450,0
911451,0
911452,0
911453,0
911454,0
911455,0
911456,0
911457,0
911458,0
911459,0
911460,1
911461,1
911462,0
911463,0
911464,0
911465,0
911466,0
911467,0
911468,0
911469,1
911470,0
911471,1
911472,0
911473,0
911474,1
911475,1
911476,1
911477,0
911478,0
911479,1
911480,0
911481,0
911482,0
911483,0
911484,0
911485,0
911486,0
911487,1
911488,0
911489,0
911490,1
911491,0
911492,0
911493,0
911494,1
911495,1
911496,0
911497,0
911498,0
911499,0
911500,0
911501,0
911502,0
911503,0
911504,1
911505,0
911506,0
911507,0
911508,0
911509,0
911510,0
911511,0
911512,0
911513,0
911514,0
911515,0
911516,0
911517,0
911518,0
911519,0
911520,0
911521,1
911522,0
911523,1
911524,0
911525,0
911526,0
911527,0
911528,0
911529,1
911530,0
911531,0
911532,0
911533,0
911534,0
911535,0
911536,1
911537,1
911538,0
911539,1
911540,0
911541,0
911542,0
911543,0
911544,0
911545,0
911546,0
911547,0
911548,0
911549,0
911550,0
911551,0
911552,0
911553,0
911554,0
911555,0
911556,1
911557,1
911558,0
911559,0
911560,0
911561,0
911562,1
911563,0
911564,0
911565,0
911566,0
911567,0
911568,0
911569,0
911570,0
911571,0
911572,0
911573,0
911574,0
911575,1
911576,0
911577,0
911578,0
911579,0
911580,1
911581,0
911582,0
911583,0
911584,0
911585,0
911586,0
911587,0
911588,0
911589,0
911590,0
911591,1
911592,0
911593,1
911594,1
911595,0
911596,1
911597,0
911598,0
911599,0
911600,0
911601,1
911602,0
911603,0
911604,1
911605,1
911606,0
911607,0
911608,0
911609,0
911610,0
911611,0
911612,1
911613,0
911614,0
911615,0
911616,0
911617,0
911618,0
911619,0
911620,0
911621,0
911622,0
911623,0
911624,0
911625,0
911626,0
911627,1
911628,0
911629,0
911630,0
911631,0
911632,0
911633,0
911634,0
911635,0
911636,0
911637,1
911638,0
911639,0
911640,0
911641,0
911642,0
911643,0
911644,0
911645,1
911646,1
911647,1
911648,0
911649,0
911650,0
911651,0
911652,0
911653,0
911654,0
911655,0
911656,0
911657,0
911658,0
911659,0
911660,0
911661,0
911662,0
911663,0
911664,0
911665,1
911666,0
911667,0
911668,1
911669,0
911670,0
911671,0
911672,1
911673,1
911674,0
911675,0
911676,0
911677,0
911678,0
911679,0
911680,0
911681,0
911682,0
911683,0
911684,0
911685,0
911686,0
911687,0
911688,0
911689,0
911690,0
911691,0
911692,1
911693,0
911694,0
911695,0
911696,0
911697,0
911698,1
911699,0
911700,0
911701,0
911702,0
911703,0
911704,0
911705,0
911706,0
911707,1
911708,0
911709,0
911710,0
911711,0
911712,1
911713,1
911714,0
911715,0
911716,0
911717,0
911718,1
911719,0
911720,0
911721,0
911722,0
911723,0
911724,0
911725,0
911726,0
911727,1
911728,0
911729,0
911730,0
911731,0
911732,0
911733,0
911734,0
911735,1
911736,0
911737,0
911738,0
911739,0
911740,0
911741,0
911742,0
911743,0
911744,0
911745,1
911746,0
911747,0
911748,0
911749,0
911750,0
911751,1
911752,0
911753,0
911754,1
911755,0
911756,0
911757,0
911758,0
911759,0
911760,0
911761,0
911762,0
911763,0
911764,0
911765,0
911766,1
911767,0
911768,0
911769,1
911770,0
911771,0
911772,1
911773,0
911774,1
911775,0
911776,0
911777,0
911778,0
911779,0
911780,1
911781,0
911782,0
911783,0
911784,0
911785,0
911786,0
911787,0
911788,0
911789,0
911790,0
911791,0
911792,0
911793,0
911794,0
911795,0
911796,1
911797,0
911798,0
911799,0
911800,0
911801,0
911802,0
911803,0
911804,0
911805,0
911806,1
911807,0
911808,0
911809,0
911810,1
911811,0
911812,0
911813,0
911814,0
911815,0
911816,0
911817,0
911818,0
911819,0
911820,0
911821,0
911822,0
911823,0
911824,0
911825,0
911826,0
911827,0
911828,0
911829,1
911830,0
911831,1
911832,0
911833,0
911834,0
911835,1
911836,0
911837,0
911838,0
911839,0
911840,0
911841,0
911842,0
911843,0
911844,0
911845,0
911846,0
911847,0
911848,0
911849,0
911850,0
911851,0
911852,1
911853,1
911854,0
911855,0
911856,0
911857,0
911858,1
911859,1
911860,0
911861,0
911862,0
911863,0
911864,0
911865,1
911866,1
911867,0
911868,0
911869,0
911870,0
911871,0
911872,0
911873,0
911874,1
911875,0
911876,0
911877,1
911878,0
911879,0
911880,0
911881,0
911882,1
911883,0
911884,0
911885,0
911886,0
911887,0
911888,0
911889,0
911890,0
911891,0
911892,0
911893,0
911894,0
911895,0
911896,0
911897,0
911898,0
911899,0
911900,0
911901,0
911902,0
911903,0
911904,0
911905,0
911906,0
911907,0
911908,0
911909,0
911910,0
911911,1
911912,1
911913,0
911914,0
911915,0
911916,0
911917,0
911918,0
911919,0
911920,0
911921,0
911922,1
911923,0
911924,0
911925,1
911926,0
911927,0
911928,0
911929,0
911930,0
911931,0
911932,0
911933,0
911934,0
911935,0
911936,0
911937,0
911938,1
911939,0
911940,1
911941,0
911942,0
911943,0
911944,0
911945,0
911946,0
911947,0
911948,0
911949,0
911950,1
911951,0
911952,0
911953,0
911954,1
911955,1
911956,0
911957,0
911958,0
911959,0
911960,0
911961,0
911962,0
911963,0
911964,0
911965,0
911966,0
911967,0
911968,0
911969,0
911970,0
911971,0
911972,1
911973,0
911974,0
911975,0
911976,1
911977,0
911978,0
911979,0
911980,1
911981,0
911982,1
911983,0
911984,0
911985,0
911986,1
911987,0
911988,0
911989,0
911990,0
911991,1
911992,0
911993,0
911994,0
911995,1
911996,0
911997,0
911998,0
911999,0
912000,0
912001,0
912002,0
912003,0
912004,0
912005,0
912006,0
912007,0
912008,0
912009,1
912010,0
912011,0
912012,0
912013,1
912014,0
912015,0
912016,0
912017,0
912018,0
912019,0
912020,0
912021,0
912022,0
912023,0
912024,0
912025,0
912026,0
912027,0
912028,1
912029,0
912030,0
912031,0
912032,0
912033,1
912034,0
912035,1
912036,0
912037,0
912038,0
912039,0
912040,0
912041,0
912042,0
912043,0
912044,0
912045,0
912046,0
912047,1
912048,0
912049,0
912050,1
912051,0
912052,0
912053,0
912054,0
912055,0
912056,0
912057,0
912058,0
912059,0
912060,0
912061,0
912062,0
912063,0
912064,0
912065,1
912066,0
912067,0
912068,0
912069,0
912070,0
912071,0
912072,0
912073,0
912074,1
912075,1
912076,0
912077,0
912078,0
912079,0
912080,0
912081,1
912082,0
912083,0
912084,0
912085,0
912086,1
912087,0
912088,1
912089,0
912090,0
912091,0
912092,0
912093,0
912094,0
912095,0
912096,0
912097,1
912098,0
912099,0
912100,1
912101,0
912102,0
912103,0
912104,0
912105,0
912106,0
912107,1
912108,0
912109,0
912110,0
912111,0
912112,0
912113,0
912114,0
912115,0
912116,0
912117,0
912118,0
912119,0
912120,0
912121,0
912122,0
912123,1
912124,0
912125,0
912126,1
912127,0
912128,0
912129,0
912130,0
912131,0
912132,0
912133,0
912134,0
912135,0
912136,0
912137,0
912138,1
912139,0
912140,1
912141,0
912142,0
912143,0
912144,0
912145,0
912146,0
912147,0
912148,0
912149,0
912150,1
912151,0
912152,1
912153,1
912154,0
912155,0
912156,0
912157,0
912158,0
912159,0
912160,1
912161,0
912162,0
912163,1
912164,0
912165,0
912166,0
912167,0
912168,1
912169,1
912170,0
912171,1
912172,0
912173,0
912174,0
912175,1
912176,0
912177,0
912178,0
912179,1
912180,1
912181,0
912182,0
912183,1
912184,1
912185,1
912186,0
912187,1
912188,0
912189,0
912190,0
912191,0
912192,0
912193,0
912194,0
912195,0
912196,0
912197,1
912198,0
912199,0
912200,0
912201,0
912202,0
912203,1
912204,1
912205,0
912206,1
912207,0
912208,0
912209,0
912210,0
912211,1
912212,1
912213,0
912214,0
912215,0
912216,0
912217,0
912218,1
912219,0
912220,1
912221,0
912222,0
912223,0
912224,0
912225,0
912226,0
912227,0
912228,0
912229,0
912230,1
912231,1
912232,0
912233,0
912234,0
912235,0
912236,0
912237,1
912238,0
912239,0
912240,0
912241,0
912242,0
912243,0
912244,0
912245,0
912246,0
912247,0
912248,0
912249,0
912250,0
912251,0
912252,0
912253,0
912254,0
912255,0
912256,0
912257,0
912258,0
912259,0
912260,0
912261,0
912262,0
912263,0
912264,1
912265,0
912266,0
912267,0
912268,1
912269,0
912270,0
912271,0
912272,1
912273,0
912274,0
912275,0
912276,0
912277,0
912278,0
912279,0
912280,0
912281,0
912282,0
912283,0
912284,0
912285,0
912286,1
912287,0
912288,0
912289,0
912290,1
912291,0
912292,0
912293,0
912294,0
912295,1
912296,0
912297,0
912298,0
912299,0
912300,0
912301,0
912302,0
912303,0
912304,0
912305,1
912306,0
912307,0
912308,0
912309,0
912310,0
912311,0
912312,0
912313,1
912314,0
912315,0
912316,0
912317,0
912318,0
912319,0
912320,1
912321,0
912322,1
912323,1
912324,0
912325,0
912326,0
912327,0
912328,0
912329,0
912330,0
912331,0
912332,0
912333,0
912334,0
912335,0
912336,0
912337,0
912338,1
912339,0
912340,0
912341,0
912342,0
912343,0
912344,0
912345,1
912346,0
912347,0
912348,0
912349,0
912350,0
912351,0
912352,1
912353,0
912354,0
912355,0
912356,0
912357,0
912358,0
912359,0
912360,1
912361,0
912362,0
912363,0
912364,0
912365,1
912366,0
912367,0
912368,0
912369,0
912370,0
912371,0
912372,0
912373,0
912374,0
912375,0
912376,0
912377,0
912378,1
912379,0
912380,0
912381,0
912382,0
912383,1
912384,0
912385,0
912386,0
912387,0
912388,0
912389,0
912390,0
912391,1
912392,0
912393,0
912394,1
912395,0
912396,0
912397,0
912398,0
912399,0
912400,1
912401,0
912402,0
912403,0
912404,0
912405,0
912406,0
912407,0
912408,0
912409,0
912410,1
912411,0
912412,1
912413,0
912414,1
912415,0
912416,0
912417,0
912418,1
912419,0
912420,1
912421,1
912422,0
912423,0
912424,0
912425,0
912426,0
912427,0
912428,1
912429,1
912430,0
912431,0
912432,0
912433,0
912434,0
912435,0
912436,0
912437,0
912438,0
912439,0
912440,0
912441,0
912442,0
912443,0
912444,0
912445,0
912446,0
912447,0
912448,1
912449,0
912450,1
912451,0
912452,0
912453,0
912454,0
912455,1
912456,0
912457,0
912458,0
912459,0
912460,0
912461,0
912462,0
912463,0
912464,0
912465,1
912466,1
912467,0
912468,0
912469,0
912470,0
912471,1
912472,0
912473,0
912474,0
912475,1
912476,1
912477,0
912478,0
912479,0
912480,0
912481,0
912482,0
912483,0
912484,0
912485,0
912486,0
912487,0
912488,0
912489,1
912490,0
912491,0
912492,0
912493,0
912494,0
912495,0
912496,0
912497,1
912498,0
912499,0
912500,0
912501,0
912502,1
912503,1
912504,0
912505,0
912506,0
912507,0
912508,1
912509,0
912510,0
912511,0
912512,1
912513,0
912514,1
912515,0
912516,0
912517,0
912518,0
912519,0
912520,0
912521,0
912522,1
912523,0
912524,0
912525,0
912526,0
912527,0
912528,0
912529,1
912530,0
912531,0
912532,0
912533,0
912534,0
912535,0
912536,1
912537,0
912538,0
912539,0
912540,1
912541,0
912542,0
912543,0
912544,1
912545,0
912546,0
912547,0
912548,0
912549,0
912550,1
912551,0
912552,0
912553,0
912554,0
912555,1
912556,1
912557,1
912558,0
912559,0
912560,1
912561,0
912562,0
912563,0
912564,1
912565,0
912566,0
912567,0
912568,0
912569,0
912570,0
912571,0
912572,0
912573,0
912574,1
912575,0
912576,0
912577,0
912578,0
912579,0
912580,1
912581,0
912582,0
912583,0
912584,1
912585,0
912586,1
912587,1
912588,0
912589,0
912590,1
912591,0
912592,0
912593,1
912594,0
912595,0
912596,0
912597,1
912598,0
912599,0
912600,0
912601,0
912602,0
912603,1
912604,0
912605,0
912606,0
912607,0
912608,1
912609,1
912610,1
912611,0
912612,0
912613,0
912614,1
912615,0
912616,0
912617,0
912618,1
912619,0
912620,0
912621,0
912622,0
912623,0
912624,1
912625,0
912626,0
912627,0
912628,0
912629,1
912630,0
912631,0
912632,1
912633,0
912634,0
912635,0
912636,0
912637,0
912638,0
912639,0
912640,0
912641,0
912642,0
912643,0
912644,0
912645,0
912646,0
912647,0
912648,0
912649,0
912650,0
912651,1
912652,0
912653,1
912654,0
912655,0
912656,0
912657,1
912658,0
912659,0
912660,1
912661,0
912662,0
912663,0
912664,0
912665,0
912666,0
912667,0
912668,0
912669,0
912670,0
912671,0
912672,0
912673,0
912674,0
912675,1
912676,0
912677,0
912678,0
912679,1
912680,1
912681,0
912682,0
912683,0
912684,0
912685,0
912686,0
912687,0
912688,0
912689,1
912690,0
912691,0
912692,0
912693,1
912694,0
912695,1
912696,0
912697,0
912698,0
912699,1
912700,0
912701,0
912702,0
912703,0
912704,0
912705,0
912706,0
912707,1
912708,1
912709,1
912710,0
912711,0
912712,1
912713,0
912714,0
912715,1
912716,0
912717,1
912718,0
912719,0
912720,0
912721,0
912722,1
912723,0
912724,0
912725,0
912726,0
912727,0
912728,0
912729,0
912730,0
912731,0
912732,0
912733,0
912734,0
912735,0
912736,0
912737,0
912738,0
912739,0
912740,0
912741,1
912742,0
912743,0
912744,0
912745,0
912746,0
912747,0
912748,1
912749,1
912750,0
912751,0
912752,0
912753,0
912754,0
912755,0
912756,1
912757,0
912758,0
912759,0
912760,0
912761,0
912762,0
912763,0
912764,0
912765,1
912766,0
912767,1
912768,1
912769,0
912770,1
912771,0
912772,0
912773,0
912774,0
912775,0
912776,0
912777,0
912778,0
912779,0
912780,0
912781,0
912782,1
912783,0
912784,0
912785,0
912786,0
912787,0
912788,0
912789,0
912790,0
912791,0
912792,0
912793,0
912794,0
912795,0
912796,0
912797,0
912798,0
912799,0
912800,0
912801,1
912802,0
912803,0
912804,0
912805,0
912806,0
912807,1
912808,0
912809,1
912810,0
912811,1
912812,0
912813,0
912814,0
912815,0
912816,0
912817,0
912818,0
912819,0
912820,1
912821,1
912822,0
912823,0
912824,0
912825,0
912826,0
912827,0
912828,1
912829,1
912830,0
912831,0
912832,0
912833,0
912834,1
912835,0
912836,0
912837,1
912838,0
912839,0
912840,0
912841,0
912842,0
912843,1
912844,0
912845,0
912846,0
912847,0
912848,0
912849,0
912850,0
912851,0
912852,0
912853,0
912854,0
912855,0
912856,1
912857,0
912858,0
912859,0
912860,0
912861,0
912862,1
912863,0
912864,1
912865,0
912866,1
912867,0
912868,0
912869,1
912870,0
912871,0
912872,0
912873,0
912874,1
912875,0
912876,0
912877,0
912878,0
912879,0
912880,0
912881,0
912882,0
912883,0
912884,0
912885,1
912886,1
912887,0
912888,0
912889,1
912890,0
912891,0
912892,0
912893,0
912894,0
912895,0
912896,0
912897,0
912898,0
912899,0
912900,0
912901,0
912902,0
912903,0
912904,1
912905,1
912906,0
912907,0
912908,0
912909,0
912910,1
912911,0
912912,0
912913,0
912914,0
912915,0
912916,0
912917,0
912918,0
912919,0
912920,0
912921,0
912922,0
912923,0
912924,0
912925,0
912926,0
912927,1
912928,1
912929,0
912930,1
912931,1
912932,0
912933,0
912934,0
912935,0
912936,0
912937,0
912938,0
912939,0
912940,0
912941,0
912942,0
912943,0
912944,1
912945,1
912946,0
912947,0
912948,0
912949,0
912950,0
912951,0
912952,0
912953,0
912954,0
912955,0
912956,0
912957,0
912958,0
912959,0
912960,0
912961,0
912962,0
912963,0
912964,0
912965,1
912966,0
912967,0
912968,0
912969,0
912970,0
912971,0
912972,0
912973,0
912974,1
912975,0
912976,0
912977,0
912978,1
912979,0
912980,0
912981,0
912982,0
912983,1
912984,1
912985,0
912986,0
912987,0
912988,0
912989,0
912990,0
912991,0
912992,0
912993,1
912994,0
912995,0
912996,0
912997,0
912998,0
912999,0
913000,0
913001,0
913002,0
913003,0
913004,1
913005,1
913006,0
913007,1
913008,0
913009,0
913010,0
913011,0
913012,0
913013,1
913014,0
913015,1
913016,1
913017,0
913018,1
913019,0
913020,0
913021,0
913022,0
913023,0
913024,0
913025,0
913026,0
913027,0
913028,1
913029,0
913030,1
913031,0
913032,1
913033,0
913034,0
913035,0
913036,0
913037,1
913038,1
913039,0
913040,0
913041,0
913042,0
913043,0
913044,0
913045,0
913046,0
913047,0
913048,0
913049,0
913050,0
913051,0
913052,0
913053,1
913054,0
913055,1
913056,0
913057,1
913058,0
913059,0
913060,0
913061,0
913062,0
913063,0
913064,1
913065,0
913066,0
913067,0
913068,1
913069,0
913070,0
913071,0
913072,0
913073,0
913074,0
913075,0
913076,0
913077,0
913078,0
913079,0
913080,0
913081,1
913082,0
913083,1
913084,0
913085,0
913086,0
913087,0
913088,0
913089,1
913090,0
913091,1
913092,0
913093,0
913094,0
913095,1
913096,0
913097,1
913098,0
913099,0
913100,0
913101,0
913102,0
913103,0
913104,0
913105,0
913106,1
913107,0
913108,0
913109,0
913110,0
913111,0
913112,0
913113,1
913114,0
913115,0
913116,0
913117,0
913118,0
913119,0
913120,0
913121,0
913122,1
913123,0
913124,0
913125,0
913126,0
913127,0
913128,1
913129,0
913130,0
913131,0
913132,1
913133,1
913134,0
913135,0
913136,1
913137,0
913138,0
913139,0
913140,1
913141,0
913142,0
913143,0
913144,0
913145,0
913146,1
913147,0
913148,1
913149,0
913150,0
913151,0
913152,1
913153,0
913154,1
913155,0
913156,0
913157,0
913158,0
913159,1
913160,1
913161,0
913162,0
913163,0
913164,1
913165,0
913166,0
913167,1
913168,0
913169,0
913170,1
913171,0
913172,1
913173,0
913174,1
913175,0
913176,0
913177,0
913178,0
913179,0
913180,0
913181,0
913182,0
913183,0
913184,0
913185,0
913186,1
913187,0
913188,1
913189,1
913190,0
913191,0
913192,0
913193,0
913194,0
913195,0
913196,0
913197,1
913198,0
913199,0
913200,1
913201,1
913202,0
913203,0
913204,0
913205,0
913206,0
913207,0
913208,0
913209,0
913210,0
913211,0
913212,1
913213,0
913214,0
913215,0
913216,0
913217,0
913218,0
913219,0
913220,0
913221,0
913222,1
913223,0
913224,0
913225,0
913226,0
913227,0
913228,1
913229,0
913230,0
913231,0
913232,0
913233,0
913234,0
913235,0
913236,0
913237,0
913238,0
913239,0
913240,0
913241,0
913242,0
913243,1
913244,0
913245,0
913246,0
913247,0
913248,0
913249,1
913250,0
913251,0
913252,1
913253,0
913254,0
913255,1
913256,0
913257,0
913258,0
913259,0
913260,0
913261,0
913262,0
913263,0
913264,1
913265,1
913266,0
913267,0
913268,0
913269,0
913270,0
913271,0
913272,0
913273,0
913274,0
913275,0
913276,0
913277,1
913278,0
913279,1
913280,0
913281,0
913282,0
913283,0
913284,1
913285,0
913286,0
913287,0
913288,0
913289,1
913290,0
913291,1
913292,0
913293,1
913294,0
913295,1
913296,1
913297,1
913298,0
913299,0
913300,0
913301,0
913302,0
913303,0
913304,0
913305,1
913306,0
913307,0
913308,0
913309,0
913310,1
913311,1
913312,0
913313,1
913314,0
913315,0
913316,0
913317,0
913318,0
913319,0
913320,0
913321,0
913322,0
913323,0
913324,0
913325,0
913326,0
913327,0
913328,1
913329,0
913330,0
913331,0
913332,0
913333,0
913334,1
913335,0
913336,0
913337,0
913338,0
913339,0
913340,0
913341,0
913342,1
913343,0
913344,1
913345,1
913346,0
913347,0
913348,0
913349,0
913350,0
913351,0
913352,1
913353,1
913354,0
913355,0
913356,0
913357,0
913358,0
913359,0
913360,0
913361,0
913362,1
913363,0
913364,1
913365,0
913366,0
913367,0
913368,0
913369,0
913370,0
913371,0
913372,0
913373,0
913374,0
913375,0
913376,0
913377,0
913378,0
913379,0
913380,0
913381,0
913382,1
913383,1
913384,0
913385,1
913386,0
913387,0
913388,0
913389,1
913390,0
913391,1
913392,1
913393,0
913394,0
913395,0
913396,0
913397,0
913398,0
913399,1
913400,1
913401,0
913402,0
913403,0
913404,0
913405,0
913406,1
913407,0
913408,0
913409,0
913410,0
913411,1
913412,0
913413,0
913414,0
913415,0
913416,0
913417,0
913418,0
913419,0
913420,0
913421,0
913422,1
913423,0
913424,0
913425,0
913426,0
913427,1
913428,1
913429,1
913430,1
913431,0
913432,0
913433,0
913434,1
913435,0
913436,0
913437,0
913438,0
913439,0
913440,1
913441,1
913442,1
913443,0
913444,0
913445,0
913446,0
913447,0
913448,0
913449,0
913450,0
913451,0
913452,0
913453,0
913454,1
913455,0
913456,1
913457,0
913458,0
913459,0
913460,0
913461,0
913462,0
913463,0
913464,0
913465,1
913466,0
913467,0
913468,0
913469,1
913470,0
913471,0
913472,0
913473,0
913474,0
913475,0
913476,0
913477,1
913478,1
913479,1
913480,0
913481,0
913482,1
913483,0
913484,0
913485,1
913486,0
913487,0
913488,0
913489,1
913490,0
913491,0
913492,0
913493,0
913494,0
913495,0
913496,0
913497,0
913498,0
913499,0
913500,1
913501,0
913502,1
913503,0
913504,0
913505,0
913506,0
913507,0
913508,0
913509,1
913510,0
913511,0
913512,0
913513,1
913514,0
913515,0
913516,0
913517,0
913518,0
913519,0
913520,1
913521,0
913522,0
913523,0
913524,0
913525,0
913526,0
913527,0
913528,0
913529,0
913530,0
913531,0
913532,1
913533,1
913534,0
913535,1
913536,0
913537,0
913538,0
913539,1
913540,0
913541,0
913542,0
913543,0
913544,0
913545,0
913546,0
913547,0
913548,0
913549,0
913550,0
913551,0
913552,0
913553,0
913554,0
913555,0
913556,0
913557,1
913558,0
913559,0
913560,1
913561,0
913562,0
913563,1
913564,0
913565,0
913566,0
913567,0
913568,0
913569,0
913570,0
913571,0
913572,0
913573,0
913574,0
913575,0
913576,0
913577,0
913578,1
913579,1
913580,0
913581,0
913582,0
913583,0
913584,0
913585,0
913586,0
913587,1
913588,0
913589,0
913590,0
913591,1
913592,0
913593,0
913594,0
913595,0
913596,0
913597,0
913598,0
913599,0
913600,0
913601,0
913602,0
913603,1
913604,0
913605,0
913606,1
913607,0
913608,0
913609,0
913610,0
913611,0
913612,0
913613,1
913614,0
913615,0
913616,0
913617,0
913618,0
913619,0
913620,0
913621,0
913622,0
913623,1
913624,0
913625,0
913626,0
913627,1
913628,1
913629,0
913630,0
913631,1
913632,1
913633,0
913634,0
913635,1
913636,0
913637,0
913638,0
913639,0
913640,1
913641,0
913642,0
913643,0
913644,1
913645,0
913646,0
913647,1
913648,0
913649,0
913650,0
913651,0
913652,0
913653,0
913654,0
913655,0
913656,0
913657,0
913658,1
913659,0
913660,1
913661,0
913662,1
913663,0
913664,0
913665,0
913666,0
913667,0
913668,1
913669,0
913670,0
913671,0
913672,0
913673,0
913674,0
913675,0
913676,0
913677,0
913678,0
913679,0
913680,0
913681,0
913682,0
913683,0
913684,0
913685,0
913686,0
913687,0
913688,0
913689,0
913690,0
913691,0
913692,0
913693,0
913694,0
913695,0
913696,0
913697,0
913698,0
913699,1
913700,0
913701,0
913702,0
913703,0
913704,0
913705,0
913706,0
913707,0
913708,0
913709,0
913710,0
913711,0
913712,0
913713,0
913714,0
913715,1
913716,1
913717,0
913718,0
913719,0
913720,0
913721,0
913722,0
913723,0
913724,1
913725,0
913726,0
913727,0
913728,0
913729,0
913730,0
913731,1
913732,0
913733,0
913734,0
913735,0
913736,0
913737,0
913738,0
913739,0
913740,0
913741,0
913742,0
913743,0
913744,0
913745,0
913746,0
913747,0
913748,0
913749,0
913750,0
913751,0
913752,0
913753,1
913754,1
913755,0
913756,0
913757,0
913758,0
913759,0
913760,0
913761,0
913762,0
913763,0
913764,0
913765,0
913766,0
913767,0
913768,0
913769,0
913770,1
913771,1
913772,0
913773,1
913774,0
913775,0
913776,0
913777,1
913778,0
913779,0
913780,0
913781,0
913782,0
913783,0
913784,0
913785,0
913786,0
913787,0
913788,0
913789,0
913790,1
913791,0
913792,0
913793,1
913794,0
913795,0
913796,1
913797,0
913798,1
913799,0
913800,0
913801,1
913802,1
913803,0
913804,0
913805,0
913806,1
913807,0
913808,0
913809,0
913810,1
913811,0
913812,0
913813,0
913814,0
913815,0
913816,1
913817,1
913818,0
913819,0
913820,1
913821,0
913822,0
913823,1
913824,0
913825,0
913826,0
913827,0
913828,0
913829,0
913830,0
913831,0
913832,1
913833,1
913834,0
913835,0
913836,0
913837,0
913838,0
913839,1
913840,1
913841,1
913842,0
913843,0
913844,0
913845,1
913846,0
913847,0
913848,0
913849,0
913850,0
913851,0
913852,0
913853,1
913854,0
913855,0
913856,0
913857,0
913858,1
913859,0
913860,0
913861,0
913862,0
913863,1
913864,0
913865,0
913866,0
913867,0
913868,1
913869,1
913870,0
913871,0
913872,0
913873,0
913874,0
913875,0
913876,0
913877,1
913878,0
913879,0
913880,0
913881,0
913882,1
913883,0
913884,0
913885,0
913886,0
913887,0
913888,1
913889,0
913890,1
913891,0
913892,0
913893,0
913894,0
913895,0
913896,0
913897,0
913898,1
913899,0
913900,0
913901,0
913902,0
913903,0
913904,1
913905,0
913906,0
913907,0
913908,0
913909,0
913910,0
913911,0
913912,0
913913,0
913914,0
913915,0
913916,0
913917,0
913918,1
913919,1
913920,1
913921,0
913922,0
913923,0
913924,0
913925,0
913926,0
913927,1
913928,0
913929,0
913930,0
913931,0
913932,0
913933,1
913934,0
913935,0
913936,0
913937,0
913938,0
913939,0
913940,0
913941,0
913942,1
913943,0
913944,0
913945,0
913946,1
913947,0
913948,0
913949,0
913950,0
913951,0
913952,1
913953,0
913954,0
913955,0
913956,0
913957,1
913958,0
913959,1
913960,0
913961,0
913962,0
913963,0
913964,0
913965,0
913966,0
913967,0
913968,1
913969,0
913970,0
913971,1
913972,0
913973,0
913974,0
913975,0
913976,0
913977,1
913978,0
913979,1
913980,1
913981,0
913982,0
913983,0
913984,0
913985,0
913986,0
913987,0
913988,1
913989,0
913990,1
913991,0
913992,0
913993,0
913994,0
913995,1
913996,0
913997,0
913998,0
913999,0
914000,0
914001,0
914002,0
914003,0
914004,0
914005,1
914006,0
914007,0
914008,0
914009,1
914010,0
914011,0
914012,0
914013,0
914014,0
914015,0
914016,0
914017,0
914018,0
914019,0
914020,0
914021,0
914022,0
914023,0
914024,0
914025,0
914026,0
914027,0
914028,0
914029,0
914030,0
914031,1
914032,0
914033,0
914034,0
914035,0
914036,1
914037,0
914038,0
914039,0
914040,1
914041,0
914042,0
914043,0
914044,0
914045,0
914046,0
914047,0
914048,0
914049,0
914050,0
914051,0
914052,0
914053,0
914054,1
914055,1
914056,0
914057,0
914058,0
914059,0
914060,1
914061,0
914062,0
914063,0
914064,0
914065,0
914066,0
914067,0
914068,0
914069,0
914070,0
914071,0
914072,1
914073,0
914074,0
914075,1
914076,1
914077,0
914078,1
914079,0
914080,1
914081,0
914082,1
914083,0
914084,0
914085,0
914086,0
914087,0
914088,0
914089,1
914090,0
914091,0
914092,0
914093,0
914094,0
914095,0
914096,0
914097,0
914098,0
914099,1
914100,0
914101,1
914102,0
914103,1
914104,0
914105,1
914106,0
914107,0
914108,0
914109,0
914110,0
914111,1
914112,1
914113,0
914114,0
914115,0
914116,0
914117,0
914118,0
914119,0
914120,0
914121,0
914122,0
914123,1
914124,0
914125,0
914126,0
914127,0
914128,0
914129,0
914130,0
914131,0
914132,0
914133,0
914134,1
914135,0
914136,0
914137,0
914138,0
914139,0
914140,1
914141,0
914142,0
914143,1
914144,0
914145,0
914146,0
914147,0
914148,0
914149,1
914150,1
914151,0
914152,0
914153,0
914154,0
914155,0
914156,0
914157,0
914158,1
914159,0
914160,0
914161,1
914162,0
914163,1
914164,0
914165,1
914166,0
914167,1
914168,0
914169,0
914170,0
914171,0
914172,0
914173,0
914174,0
914175,0
914176,0
914177,0
914178,0
914179,0
914180,0
914181,0
914182,0
914183,1
914184,1
914185,1
914186,0
914187,0
914188,0
914189,0
914190,0
914191,1
914192,0
914193,1
914194,0
914195,0
914196,0
914197,0
914198,0
914199,1
914200,0
914201,0
914202,0
914203,0
914204,0
914205,0
914206,0
914207,1
914208,0
914209,0
914210,0
914211,0
914212,0
914213,1
914214,0
914215,0
914216,0
914217,0
914218,0
914219,1
914220,0
914221,0
914222,1
914223,0
914224,0
914225,0
914226,0
914227,0
914228,0
914229,0
914230,0
914231,0
914232,0
914233,0
914234,0
914235,0
914236,1
914237,0
914238,0
914239,0
914240,0
914241,0
914242,0
914243,0
914244,0
914245,0
914246,0
914247,0
914248,0
914249,0
914250,1
914251,0
914252,1
914253,0
914254,1
914255,0
914256,0
914257,0
914258,0
914259,0
914260,0
914261,0
914262,0
914263,1
914264,0
914265,0
914266,0
914267,0
914268,0
914269,0
914270,1
914271,1
914272,0
914273,0
914274,0
914275,0
914276,0
914277,0
914278,0
914279,0
914280,1
914281,0
914282,0
914283,0
914284,0
914285,0
914286,0
914287,1
914288,0
914289,0
914290,1
914291,0
914292,0
914293,0
914294,0
914295,0
914296,0
914297,0
914298,0
914299,0
914300,1
914301,1
914302,0
914303,0
914304,0
914305,0
914306,0
914307,0
914308,0
914309,0
914310,0
914311,0
914312,0
914313,1
914314,1
914315,0
914316,0
914317,0
914318,0
914319,0
914320,0
914321,0
914322,0
914323,0
914324,0
914325,0
914326,1
914327,0
914328,0
914329,0
914330,0
914331,0
914332,0
914333,0
914334,0
914335,1
914336,1
914337,0
914338,0
914339,0
914340,0
914341,0
914342,0
914343,0
914344,0
914345,0
914346,0
914347,0
914348,1
914349,0
914350,0
914351,0
914352,0
914353,0
914354,0
914355,0
914356,0
914357,1
914358,0
914359,0
914360,0
914361,0
914362,0
914363,0
914364,0
914365,0
914366,0
914367,0
914368,0
914369,0
914370,0
914371,1
914372,1
914373,0
914374,0
914375,0
914376,0
914377,0
914378,0
914379,0
914380,1
914381,0
914382,0
914383,0
914384,0
914385,0
914386,1
914387,1
914388,0
914389,1
914390,0
914391,0
914392,0
914393,0
914394,0
914395,0
914396,0
914397,0
914398,0
914399,0
914400,0
914401,0
914402,0
914403,0
914404,0
914405,0
914406,1
914407,0
914408,0
914409,1
914410,0
914411,0
914412,0
914413,0
914414,0
914415,0
914416,0
914417,0
914418,0
914419,0
914420,0
914421,0
914422,0
914423,0
914424,1
914425,0
914426,0
914427,1
914428,0
914429,0
914430,0
914431,0
914432,0
914433,0
914434,0
914435,0
914436,0
914437,0
914438,0
914439,0
914440,0
914441,0
914442,0
914443,0
914444,0
914445,0
914446,0
914447,0
914448,0
914449,0
914450,0
914451,1
914452,1
914453,0
914454,0
914455,0
914456,1
914457,0
914458,0
914459,0
914460,0
914461,1
914462,0
914463,0
914464,0
914465,0
914466,0
914467,0
914468,0
914469,0
914470,0
914471,0
914472,1
914473,0
914474,0
914475,0
914476,0
914477,0
914478,0
914479,0
914480,0
914481,0
914482,0
914483,0
914484,0
914485,0
914486,0
914487,0
914488,1
914489,0
914490,0
914491,0
914492,0
914493,0
914494,0
914495,0
914496,0
914497,0
914498,0
914499,0
914500,0
914501,0
914502,0
914503,0
914504,0
914505,1
914506,0
914507,0
914508,0
914509,0
914510,0
914511,1
914512,0
914513,0
914514,0
914515,0
914516,0
914517,0
914518,1
914519,0
914520,0
914521,0
914522,0
914523,0
914524,0
914525,0
914526,0
914527,0
914528,1
914529,0
914530,0
914531,0
914532,0
914533,0
914534,1
914535,1
914536,0
914537,0
914538,0
914539,0
914540,0
914541,0
914542,0
914543,0
914544,0
914545,0
914546,0
914547,0
914548,1
914549,0
914550,0
914551,0
914552,0
914553,0
914554,0
914555,1
914556,0
914557,0
914558,0
914559,0
914560,0
914561,0
914562,0
914563,0
914564,1
914565,0
914566,0
914567,1
914568,0
914569,0
914570,0
914571,0
914572,0
914573,0
914574,1
914575,0
914576,0
914577,0
914578,0
914579,0
914580,0
914581,0
914582,0
914583,0
914584,0
914585,1
914586,0
914587,0
914588,0
914589,0
914590,0
914591,0
914592,1
914593,0
914594,0
914595,0
914596,0
914597,0
914598,0
914599,0
914600,0
914601,0
914602,0
914603,1
914604,0
914605,0
914606,0
914607,0
914608,1
914609,0
914610,1
914611,0
914612,1
914613,0
914614,1
914615,0
914616,0
914617,0
914618,1
914619,0
914620,0
914621,0
914622,0
914623,0
914624,0
914625,0
914626,1
914627,1
914628,0
914629,0
914630,0
914631,0
914632,0
914633,0
914634,1
914635,0
914636,0
914637,0
914638,0
914639,0
914640,1
914641,0
914642,0
914643,1
914644,0
914645,0
914646,0
914647,0
914648,0
914649,0
914650,0
914651,1
914652,0
914653,0
914654,0
914655,0
914656,0
914657,0
914658,0
914659,0
914660,1
914661,0
914662,0
914663,0
914664,0
914665,0
914666,0
914667,0
914668,0
914669,0
914670,0
914671,0
914672,1
914673,1
914674,0
914675,0
914676,0
914677,0
914678,0
914679,0
914680,1
914681,0
914682,0
914683,0
914684,0
914685,0
914686,0
914687,0
914688,1
914689,0
914690,0
914691,0
914692,0
914693,0
914694,0
914695,1
914696,1
914697,0
914698,0
914699,0
914700,0
914701,1
914702,0
914703,0
914704,0
914705,0
914706,0
914707,0
914708,0
914709,0
914710,0
914711,0
914712,0
914713,0
914714,0
914715,0
914716,0
914717,0
914718,0
914719,0
914720,0
914721,0
914722,0
914723,0
914724,0
914725,1
914726,0
914727,0
914728,1
914729,0
914730,0
914731,0
914732,0
914733,1
914734,0
914735,1
914736,0
914737,0
914738,0
914739,0
914740,0
914741,0
914742,1
914743,0
914744,0
914745,0
914746,0
914747,0
914748,0
914749,0
914750,0
914751,0
914752,0
914753,0
914754,0
914755,0
914756,0
914757,0
914758,1
914759,0
914760,0
914761,0
914762,0
914763,0
914764,0
914765,0
914766,0
914767,0
914768,0
914769,0
914770,0
914771,0
914772,0
914773,0
914774,0
914775,0
914776,0
914777,1
914778,0
914779,0
914780,1
914781,0
914782,0
914783,0
914784,0
914785,0
914786,1
914787,0
914788,1
914789,0
914790,0
914791,1
914792,0
914793,0
914794,0
914795,0
914796,0
914797,0
914798,0
914799,0
914800,0
914801,0
914802,0
914803,0
914804,0
914805,0
914806,0
914807,0
914808,0
914809,0
914810,0
914811,0
914812,0
914813,0
914814,0
914815,0
914816,0
914817,1
914818,0
914819,0
914820,0
914821,0
914822,0
914823,0
914824,0
914825,0
914826,0
914827,1
914828,0
914829,0
914830,0
914831,0
914832,0
914833,1
914834,0
914835,0
914836,0
914837,1
914838,0
914839,0
914840,0
914841,0
914842,1
914843,0
914844,1
914845,0
914846,0
914847,0
914848,0
914849,1
914850,0
914851,0
914852,1
914853,0
914854,0
914855,0
914856,0
914857,1
914858,0
914859,1
914860,1
914861,1
914862,0
914863,0
914864,0
914865,1
914866,0
914867,1
914868,0
914869,0
914870,1
914871,1
914872,0
914873,0
914874,0
914875,0
914876,0
914877,0
914878,0
914879,0
914880,0
914881,1
914882,0
914883,0
914884,0
914885,0
914886,1
914887,0
914888,0
914889,0
914890,0
914891,0
914892,0
914893,0
914894,0
914895,0
914896,0
914897,0
914898,0
914899,0
914900,1
914901,1
914902,0
914903,0
914904,1
914905,0
914906,0
914907,0
914908,1
914909,0
914910,0
914911,0
914912,0
914913,0
914914,0
914915,0
914916,0
914917,0
914918,0
914919,0
914920,0
914921,1
914922,0
914923,0
914924,0
914925,0
914926,0
914927,0
914928,0
914929,1
914930,1
914931,1
914932,0
914933,0
914934,1
914935,0
914936,1
914937,0
914938,0
914939,0
914940,1
914941,1
914942,0
914943,0
914944,1
914945,1
914946,1
914947,1
914948,1
914949,0
914950,0
914951,0
914952,1
914953,0
914954,0
914955,0
914956,0
914957,0
914958,1
914959,1
914960,0
914961,1
914962,0
914963,0
914964,0
914965,1
914966,0
914967,0
914968,1
914969,0
914970,1
914971,0
914972,0
914973,1
914974,0
914975,0
914976,0
914977,0
914978,0
914979,0
914980,0
914981,0
914982,0
914983,0
914984,1
914985,0
914986,1
914987,0
914988,0
914989,0
914990,0
914991,0
914992,0
914993,0
914994,0
914995,1
914996,0
914997,0
914998,0
914999,0
915000,0
915001,0
915002,0
915003,0
915004,0
915005,0
915006,0
915007,0
915008,0
915009,0
915010,1
915011,0
915012,1
915013,0
915014,0
915015,0
915016,1
915017,0
915018,1
915019,0
915020,0
915021,0
915022,0
915023,0
915024,1
915025,0
915026,0
915027,0
915028,1
915029,0
915030,0
915031,0
915032,0
915033,0
915034,0
915035,0
915036,0
915037,0
915038,0
915039,0
915040,1
915041,0
915042,0
915043,0
915044,0
915045,0
915046,0
915047,0
915048,0
915049,0
915050,0
915051,0
915052,0
915053,0
915054,0
915055,1
915056,0
915057,0
915058,1
915059,0
915060,0
915061,0
915062,0
915063,1
915064,0
915065,0
915066,0
915067,1
915068,0
915069,0
915070,1
915071,1
915072,0
915073,0
915074,0
915075,0
915076,1
915077,0
915078,0
915079,0
915080,0
915081,0
915082,0
915083,0
915084,0
915085,0
915086,0
915087,0
915088,1
915089,0
915090,0
915091,0
915092,1
915093,0
915094,1
915095,0
915096,0
915097,0
915098,0
915099,0
915100,0
915101,0
915102,0
915103,0
915104,1
915105,0
915106,0
915107,1
915108,0
915109,0
915110,0
915111,0
915112,0
915113,0
915114,0
915115,0
915116,0
915117,0
915118,0
915119,0
915120,1
915121,0
915122,0
915123,0
915124,0
915125,0
915126,0
915127,0
915128,0
915129,1
915130,1
915131,0
915132,0
915133,0
915134,0
915135,0
915136,1
915137,1
915138,0
915139,0
915140,0
915141,0
915142,0
915143,0
915144,0
915145,0
915146,0
915147,0
915148,0
915149,0
915150,0
915151,0
915152,0
915153,0
915154,0
915155,1
915156,1
915157,1
915158,0
915159,0
915160,1
915161,0
915162,0
915163,0
915164,0
915165,0
915166,0
915167,0
915168,0
915169,0
915170,0
915171,1
915172,1
915173,0
915174,0
915175,0
915176,0
915177,0
915178,0
915179,0
915180,0
915181,0
915182,0
915183,0
915184,0
915185,1
915186,1
915187,0
915188,0
915189,0
915190,0
915191,0
915192,0
915193,0
915194,1
915195,0
915196,0
915197,1
915198,0
915199,0
915200,0
915201,0
915202,0
915203,0
915204,0
915205,0
915206,1
915207,0
915208,1
915209,1
915210,0
915211,1
915212,0
915213,0
915214,0
915215,0
915216,0
915217,0
915218,0
915219,1
915220,0
915221,0
915222,1
915223,0
915224,0
915225,0
915226,0
915227,0
915228,0
915229,0
915230,1
915231,0
915232,0
915233,1
915234,0
915235,1
915236,0
915237,0
915238,0
915239,0
915240,0
915241,0
915242,0
915243,0
915244,0
915245,0
915246,0
915247,1
915248,0
915249,0
915250,0
915251,0
915252,0
915253,0
915254,0
915255,1
915256,0
915257,0
915258,0
915259,0
915260,1
915261,1
915262,0
915263,1
915264,0
915265,0
915266,0
915267,1
915268,0
915269,0
915270,0
915271,0
915272,1
915273,0
915274,0
915275,0
915276,1
915277,0
915278,0
915279,0
915280,0
915281,0
915282,0
915283,0
915284,0
915285,0
915286,1
915287,0
915288,0
915289,0
915290,0
915291,0
915292,1
915293,0
915294,1
915295,0
915296,0
915297,1
915298,0
915299,0
915300,0
915301,1
915302,0
915303,1
915304,0
915305,0
915306,0
915307,0
915308,0
915309,0
915310,0
915311,0
915312,0
915313,0
915314,0
915315,0
915316,0
915317,0
915318,0
915319,0
915320,1
915321,0
915322,0
915323,1
915324,1
915325,1
915326,0
915327,0
915328,0
915329,0
915330,1
915331,0
915332,0
915333,0
915334,0
915335,0
915336,0
915337,0
915338,0
915339,0
915340,1
915341,0
915342,1
915343,0
915344,0
915345,1
915346,0
915347,0
915348,1
915349,0
915350,0
915351,0
915352,0
915353,0
915354,0
915355,0
915356,0
915357,0
915358,0
915359,0
915360,0
915361,0
915362,0
915363,0
915364,0
915365,0
915366,0
915367,0
915368,0
915369,0
915370,0
915371,1
915372,0
915373,1
915374,0
915375,0
915376,0
915377,0
915378,0
915379,0
915380,0
915381,0
915382,0
915383,0
915384,0
915385,0
915386,0
915387,0
915388,0
915389,0
915390,1
915391,0
915392,0
915393,0
915394,0
915395,0
915396,0
915397,0
915398,0
915399,0
915400,0
915401,0
915402,0
915403,0
915404,0
915405,0
915406,0
915407,0
915408,0
915409,0
915410,0
915411,0
915412,0
915413,1
915414,0
915415,0
915416,0
915417,1
915418,0
915419,0
915420,0
915421,0
915422,0
915423,0
915424,0
915425,1
915426,0
915427,0
915428,1
915429,0
915430,0
915431,0
915432,0
915433,1
915434,0
915435,0
915436,1
915437,1
915438,0
915439,0
915440,0
915441,0
915442,0
915443,1
915444,0
915445,1
915446,0
915447,0
915448,0
915449,0
915450,0
915451,0
915452,0
915453,0
915454,0
915455,0
915456,0
915457,0
915458,0
915459,0
915460,0
915461,0
915462,1
915463,0
915464,0
915465,0
915466,0
915467,0
915468,0
915469,1
915470,1
915471,0
915472,1
915473,1
915474,0
915475,1
915476,0
915477,0
915478,0
915479,0
915480,0
915481,0
915482,0
915483,0
915484,0
915485,0
915486,0
915487,0
915488,0
915489,0
915490,0
915491,0
915492,1
915493,0
915494,0
915495,0
915496,0
915497,1
915498,0
915499,0
915500,0
915501,0
915502,0
915503,1
915504,0
915505,0
915506,0
915507,0
915508,1
915509,0
915510,0
915511,0
915512,0
915513,0
915514,0
915515,0
915516,1
915517,0
915518,0
915519,0
915520,0
915521,0
915522,0
915523,0
915524,1
915525,0
915526,0
915527,0
915528,0
915529,1
915530,0
915531,0
915532,1
915533,0
915534,0
915535,0
915536,0
915537,0
915538,0
915539,0
915540,0
915541,0
915542,0
915543,0
915544,0
915545,0
915546,0
915547,1
915548,0
915549,0
915550,0
915551,0
915552,0
915553,0
915554,0
915555,0
915556,0
915557,0
915558,0
915559,0
915560,0
915561,0
915562,0
915563,0
915564,0
915565,0
915566,0
915567,0
915568,1
915569,1
915570,0
915571,0
915572,1
915573,1
915574,0
915575,0
915576,0
915577,0
915578,0
915579,1
915580,0
915581,0
915582,0
915583,0
915584,0
915585,0
915586,0
915587,0
915588,1
915589,0
915590,0
915591,0
915592,0
915593,0
915594,0
915595,0
915596,0
915597,0
915598,0
915599,0
915600,0
915601,1
915602,0
915603,0
915604,0
915605,0
915606,0
915607,1
915608,0
915609,1
915610,0
915611,1
915612,0
915613,0
915614,0
915615,0
915616,0
915617,0
915618,0
915619,0
915620,0
915621,0
915622,1
915623,0
915624,0
915625,1
915626,0
915627,0
915628,0
915629,1
915630,0
915631,0
915632,0
915633,0
915634,1
915635,0
915636,0
915637,0
915638,0
915639,0
915640,0
915641,0
915642,0
915643,0
915644,0
915645,0
915646,0
915647,0
915648,1
915649,0
915650,0
915651,1
915652,0
915653,0
915654,0
915655,0
915656,0
915657,0
915658,0
915659,0
915660,0
915661,0
915662,0
915663,0
915664,0
915665,0
915666,0
915667,0
915668,0
915669,0
915670,0
915671,0
915672,0
915673,1
915674,1
915675,0
915676,0
915677,0
915678,0
915679,0
915680,0
915681,0
915682,0
915683,1
915684,0
915685,0
915686,0
915687,0
915688,1
915689,0
915690,1
915691,0
915692,0
915693,1
915694,0
915695,0
915696,0
915697,0
915698,0
915699,1
915700,0
915701,0
915702,0
915703,0
915704,0
915705,0
915706,0
915707,0
915708,0
915709,0
915710,0
915711,0
915712,0
915713,0
915714,0
915715,0
915716,0
915717,0
915718,0
915719,1
915720,0
915721,0
915722,0
915723,1
915724,0
915725,0
915726,0
915727,0
915728,0
915729,1
915730,1
915731,0
915732,0
915733,0
915734,0
915735,0
915736,0
915737,0
915738,0
915739,0
915740,0
915741,0
915742,0
915743,1
915744,0
915745,0
915746,0
915747,0
915748,1
915749,0
915750,0
915751,0
915752,1
915753,0
915754,0
915755,0
915756,0
915757,0
915758,0
915759,1
915760,0
915761,0
915762,0
915763,0
915764,0
915765,0
915766,0
915767,0
915768,0
915769,0
915770,0
915771,0
915772,1
915773,0
915774,0
915775,1
915776,0
915777,0
915778,0
915779,1
915780,0
915781,1
915782,0
915783,0
915784,0
915785,0
915786,1
915787,0
915788,0
915789,0
915790,0
915791,0
915792,0
915793,0
915794,0
915795,0
915796,1
915797,0
915798,0
915799,0
915800,0
915801,0
915802,0
915803,0
915804,1
915805,0
915806,0
915807,1
915808,0
915809,0
915810,0
915811,0
915812,0
915813,0
915814,1
915815,0
915816,0
915817,1
915818,0
915819,0
915820,0
915821,0
915822,0
915823,0
915824,0
915825,0
915826,0
915827,0
915828,0
915829,0
915830,0
915831,1
915832,0
915833,0
915834,0
915835,0
915836,1
915837,0
915838,1
915839,0
915840,0
915841,0
915842,0
915843,1
915844,0
915845,1
915846,0
915847,0
915848,0
915849,0
915850,0
915851,0
915852,0
915853,1
915854,0
915855,0
915856,0
915857,0
915858,0
915859,1
915860,0
915861,0
915862,1
915863,0
915864,0
915865,0
915866,0
915867,0
915868,0
915869,0
915870,0
915871,0
915872,1
915873,0
915874,1
915875,0
915876,0
915877,0
915878,0
915879,0
915880,0
915881,0
915882,0
915883,0
915884,0
915885,0
915886,1
915887,0
915888,0
915889,0
915890,1
915891,1
915892,0
915893,0
915894,0
915895,1
915896,0
915897,0
915898,0
915899,0
915900,0
915901,0
915902,0
915903,1
915904,0
915905,0
915906,0
915907,0
915908,0
915909,0
915910,0
915911,0
915912,0
915913,0
915914,0
915915,1
915916,1
915917,0
915918,0
915919,0
915920,0
915921,0
915922,0
915923,0
915924,0
915925,0
915926,0
915927,0
915928,0
915929,0
915930,0
915931,0
915932,0
915933,0
915934,0
915935,1
915936,1
915937,0
915938,0
915939,0
915940,0
915941,0
915942,0
915943,0
915944,0
915945,0
915946,0
915947,0
915948,1
915949,0
915950,0
915951,0
915952,1
915953,0
915954,0
915955,0
915956,0
915957,1
915958,0
915959,0
915960,0
915961,1
915962,0
915963,1
915964,0
915965,0
915966,1
915967,1
915968,0
915969,1
915970,0
915971,0
915972,0
915973,0
915974,0
915975,1
915976,0
915977,0
915978,0
915979,0
915980,0
915981,0
915982,0
915983,0
915984,0
915985,0
915986,0
915987,0
915988,0
915989,1
915990,1
915991,0
915992,0
915993,0
915994,0
915995,0
915996,1
915997,0
915998,0
915999,0
916000,0
916001,0
916002,0
916003,0
916004,0
916005,0
916006,0
916007,0
916008,0
916009,0
916010,0
916011,0
916012,0
916013,0
916014,0
916015,1
916016,1
916017,0
916018,0
916019,0
916020,0
916021,0
916022,0
916023,0
916024,0
916025,0
916026,0
916027,0
916028,1
916029,0
916030,0
916031,0
916032,0
916033,0
916034,0
916035,0
916036,0
916037,0
916038,0
916039,0
916040,0
916041,0
916042,0
916043,0
916044,0
916045,0
916046,0
916047,0
916048,0
916049,0
916050,0
916051,0
916052,0
916053,1
916054,0
916055,0
916056,0
916057,0
916058,1
916059,0
916060,1
916061,0
916062,0
916063,0
916064,0
916065,0
916066,0
916067,0
916068,0
916069,0
916070,0
916071,0
916072,0
916073,0
916074,0
916075,0
916076,0
916077,0
916078,0
916079,0
916080,1
916081,0
916082,0
916083,0
916084,0
916085,0
916086,0
916087,0
916088,0
916089,0
916090,0
916091,0
916092,1
916093,0
916094,0
916095,1
916096,0
916097,0
916098,1
916099,0
916100,0
916101,0
916102,0
916103,0
916104,1
916105,0
916106,0
916107,0
916108,0
916109,0
916110,0
916111,1
916112,0
916113,0
916114,0
916115,0
916116,0
916117,0
916118,0
916119,0
916120,1
916121,0
916122,1
916123,1
916124,0
916125,0
916126,1
916127,0
916128,0
916129,0
916130,1
916131,0
916132,0
916133,0
916134,1
916135,0
916136,0
916137,0
916138,0
916139,0
916140,0
916141,0
916142,1
916143,0
916144,0
916145,0
916146,1
916147,0
916148,0
916149,0
916150,0
916151,0
916152,1
916153,0
916154,0
916155,1
916156,1
916157,0
916158,0
916159,1
916160,1
916161,1
916162,0
916163,0
916164,0
916165,0
916166,1
916167,0
916168,0
916169,0
916170,0
916171,0
916172,1
916173,0
916174,0
916175,1
916176,0
916177,0
916178,1
916179,0
916180,0
916181,1
916182,0
916183,0
916184,0
916185,0
916186,0
916187,0
916188,0
916189,0
916190,0
916191,0
916192,0
916193,0
916194,0
916195,1
916196,0
916197,0
916198,0
916199,0
916200,0
916201,0
916202,0
916203,0
916204,0
916205,0
916206,0
916207,0
916208,0
916209,0
916210,0
916211,0
916212,0
916213,0
916214,0
916215,0
916216,1
916217,0
916218,0
916219,0
916220,0
916221,0
916222,0
916223,1
916224,1
916225,0
916226,0
916227,0
916228,1
916229,0
916230,0
916231,0
916232,0
916233,0
916234,0
916235,0
916236,1
916237,0
916238,0
916239,0
916240,0
916241,0
916242,0
916243,0
916244,1
916245,0
916246,0
916247,0
916248,0
916249,0
916250,0
916251,0
916252,0
916253,0
916254,0
916255,0
916256,1
916257,0
916258,1
916259,0
916260,0
916261,0
916262,0
916263,0
916264,0
916265,0
916266,0
916267,0
916268,0
916269,0
916270,0
916271,1
916272,0
916273,0
916274,0
916275,0
916276,0
916277,0
916278,1
916279,0
916280,0
916281,0
916282,1
916283,1
916284,0
916285,0
916286,0
916287,0
916288,0
916289,0
916290,0
916291,0
916292,0
916293,0
916294,0
916295,0
916296,0
916297,0
916298,0
916299,0
916300,1
916301,1
916302,0
916303,1
916304,0
916305,0
916306,0
916307,1
916308,0
916309,0
916310,0
916311,0
916312,0
916313,0
916314,0
916315,0
916316,1
916317,1
916318,0
916319,0
916320,0
916321,0
916322,1
916323,0
916324,0
916325,1
916326,0
916327,0
916328,0
916329,0
916330,0
916331,0
916332,0
916333,0
916334,0
916335,0
916336,1
916337,0
916338,0
916339,0
916340,0
916341,1
916342,1
916343,0
916344,0
916345,1
916346,0
916347,0
916348,0
916349,0
916350,0
916351,0
916352,0
916353,0
916354,1
916355,0
916356,0
916357,0
916358,0
916359,0
916360,0
916361,0
916362,0
916363,0
916364,0
916365,0
916366,0
916367,0
916368,0
916369,0
916370,0
916371,0
916372,0
916373,0
916374,0
916375,0
916376,1
916377,0
916378,0
916379,0
916380,0
916381,0
916382,0
916383,0
916384,0
916385,0
916386,0
916387,0
916388,0
916389,0
916390,0
916391,0
916392,0
916393,0
916394,1
916395,0
916396,0
916397,0
916398,0
916399,0
916400,0
916401,0
916402,1
916403,0
916404,0
916405,1
916406,0
916407,0
916408,0
916409,1
916410,0
916411,0
916412,0
916413,0
916414,0
916415,0
916416,0
916417,0
916418,1
916419,0
916420,1
916421,0
916422,0
916423,0
916424,0
916425,0
916426,0
916427,0
916428,1
916429,1
916430,0
916431,1
916432,0
916433,0
916434,1
916435,0
916436,0
916437,0
916438,0
916439,0
916440,1
916441,0
916442,1
916443,0
916444,1
916445,1
916446,0
916447,0
916448,0
916449,0
916450,0
916451,1
916452,0
916453,0
916454,1
916455,1
916456,0
916457,0
916458,0
916459,0
916460,1
916461,1
916462,0
916463,0
916464,0
916465,0
916466,0
916467,0
916468,1
916469,1
916470,0
916471,0
916472,0
916473,0
916474,0
916475,0
916476,0
916477,0
916478,0
916479,0
916480,0
916481,1
916482,1
916483,0
916484,0
916485,1
916486,0
916487,0
916488,0
916489,0
916490,1
916491,0
916492,1
916493,1
916494,0
916495,0
916496,0
916497,0
916498,0
916499,0
916500,0
916501,0
916502,0
916503,0
916504,0
916505,0
916506,0
916507,0
916508,1
916509,0
916510,0
916511,0
916512,0
916513,1
916514,0
916515,0
916516,0
916517,0
916518,0
916519,0
916520,0
916521,0
916522,0
916523,1
916524,0
916525,0
916526,0
916527,1
916528,0
916529,0
916530,0
916531,0
916532,0
916533,0
916534,1
916535,0
916536,0
916537,0
916538,1
916539,1
916540,0
916541,0
916542,0
916543,0
916544,0
916545,0
916546,0
916547,0
916548,1
916549,0
916550,1
916551,1
916552,0
916553,0
916554,0
916555,0
916556,0
916557,0
916558,0
916559,0
916560,0
916561,0
916562,0
916563,0
916564,0
916565,0
916566,0
916567,0
916568,0
916569,0
916570,0
916571,0
916572,0
916573,0
916574,0
916575,0
916576,0
916577,1
916578,0
916579,0
916580,0
916581,1
916582,0
916583,0
916584,0
916585,0
916586,0
916587,0
916588,0
916589,0
916590,0
916591,0
916592,0
916593,0
916594,0
916595,0
916596,0
916597,1
916598,0
916599,1
916600,0
916601,1
916602,0
916603,0
916604,0
916605,0
916606,0
916607,1
916608,0
916609,0
916610,0
916611,0
916612,0
916613,0
916614,1
916615,0
916616,0
916617,0
916618,1
916619,0
916620,0
916621,0
916622,1
916623,0
916624,0
916625,0
916626,1
916627,0
916628,1
916629,0
916630,0
916631,0
916632,0
916633,1
916634,0
916635,0
916636,0
916637,0
916638,0
916639,0
916640,0
916641,0
916642,0
916643,0
916644,1
916645,0
916646,0
916647,0
916648,0
916649,0
916650,0
916651,0
916652,1
916653,0
916654,0
916655,0
916656,0
916657,0
916658,1
916659,0
916660,1
916661,0
916662,0
916663,0
916664,0
916665,0
916666,0
916667,0
916668,0
916669,0
916670,0
916671,0
916672,0
916673,0
916674,0
916675,1
916676,1
916677,0
916678,1
916679,0
916680,0
916681,0
916682,1
916683,0
916684,0
916685,0
916686,0
916687,0
916688,0
916689,0
916690,0
916691,1
916692,0
916693,0
916694,1
916695,0
916696,0
916697,0
916698,0
916699,0
916700,0
916701,0
916702,0
916703,0
916704,0
916705,0
916706,0
916707,0
916708,0
916709,0
916710,0
916711,0
916712,1
916713,1
916714,1
916715,0
916716,0
916717,1
916718,0
916719,0
916720,0
916721,0
916722,0
916723,0
916724,0
916725,0
916726,0
916727,0
916728,0
916729,0
916730,1
916731,0
916732,0
916733,0
916734,0
916735,0
916736,0
916737,0
916738,0
916739,0
916740,0
916741,0
916742,1
916743,0
916744,0
916745,0
916746,0
916747,0
916748,0
916749,0
916750,0
916751,1
916752,1
916753,0
916754,0
916755,0
916756,0
916757,1
916758,0
916759,0
916760,0
916761,0
916762,0
916763,0
916764,1
916765,0
916766,0
916767,0
916768,0
916769,0
916770,0
916771,0
916772,0
916773,0
916774,0
916775,0
916776,0
916777,0
916778,0
916779,1
916780,1
916781,1
916782,0
916783,0
916784,0
916785,0
916786,0
916787,0
916788,0
916789,0
916790,0
916791,1
916792,0
916793,0
916794,0
916795,0
916796,0
916797,1
916798,1
916799,0
916800,0
916801,0
916802,0
916803,0
916804,0
916805,0
916806,1
916807,0
916808,0
916809,0
916810,0
916811,0
916812,0
916813,1
916814,1
916815,0
916816,1
916817,0
916818,0
916819,0
916820,0
916821,0
916822,0
916823,0
916824,1
916825,0
916826,0
916827,0
916828,0
916829,0
916830,0
916831,0
916832,0
916833,0
916834,0
916835,0
916836,0
916837,0
916838,0
916839,0
916840,0
916841,0
916842,0
916843,0
916844,0
916845,0
916846,0
916847,1
916848,0
916849,0
916850,0
916851,0
916852,0
916853,0
916854,0
916855,1
916856,0
916857,1
916858,1
916859,0
916860,0
916861,0
916862,0
916863,0
916864,0
916865,1
916866,0
916867,0
916868,0
916869,0
916870,0
916871,0
916872,0
916873,1
916874,1
916875,1
916876,0
916877,0
916878,0
916879,0
916880,0
916881,1
916882,0
916883,0
916884,0
916885,0
916886,1
916887,0
916888,0
916889,0
916890,0
916891,0
916892,0
916893,0
916894,1
916895,1
916896,0
916897,0
916898,0
916899,0
916900,0
916901,0
916902,0
916903,0
916904,1
916905,0
916906,0
916907,1
916908,0
916909,0
916910,0
916911,0
916912,0
916913,0
916914,0
916915,1
916916,1
916917,0
916918,0
916919,0
916920,0
916921,1
916922,0
916923,0
916924,0
916925,0
916926,0
916927,0
916928,0
916929,0
916930,1
916931,1
916932,0
916933,0
916934,1
916935,0
916936,0
916937,0
916938,0
916939,0
916940,0
916941,0
916942,0
916943,1
916944,0
916945,0
916946,0
916947,0
916948,1
916949,0
916950,0
916951,0
916952,0
916953,0
916954,0
916955,0
916956,0
916957,0
916958,0
916959,0
916960,0
916961,0
916962,0
916963,1
916964,1
916965,0
916966,0
916967,0
916968,0
916969,0
916970,0
916971,0
916972,1
916973,0
916974,0
916975,0
916976,0
916977,1
916978,1
916979,0
916980,0
916981,0
916982,0
916983,0
916984,0
916985,0
916986,0
916987,0
916988,0
916989,0
916990,0
916991,1
916992,0
916993,0
916994,0
916995,0
916996,0
916997,0
916998,0
916999,0
917000,0
917001,0
917002,0
917003,0
917004,0
917005,0
917006,0
917007,0
917008,0
917009,0
917010,0
917011,0
917012,1
917013,0
917014,0
917015,0
917016,0
917017,0
917018,0
917019,0
917020,0
917021,0
917022,0
917023,0
917024,0
917025,0
917026,0
917027,0
917028,0
917029,0
917030,1
917031,0
917032,0
917033,0
917034,0
917035,0
917036,1
917037,0
917038,0
917039,0
917040,0
917041,0
917042,0
917043,0
917044,0
917045,0
917046,0
917047,0
917048,1
917049,0
917050,0
917051,1
917052,0
917053,0
917054,0
917055,0
917056,0
917057,0
917058,0
917059,1
917060,0
917061,0
917062,0
917063,0
917064,0
917065,1
917066,0
917067,0
917068,0
917069,0
917070,1
917071,0
917072,0
917073,0
917074,0
917075,0
917076,1
917077,0
917078,0
917079,0
917080,0
917081,0
917082,1
917083,0
917084,0
917085,0
917086,0
917087,0
917088,0
917089,0
917090,0
917091,0
917092,0
